Name,Nationality,Date of Birth,Height,Club,Position,Appearances,Goals,Assists,Clean sheets,Facebook
Max Aarons,England,04/01/2000 (24),178cm,Bournemouth,Defender,90.0,0.0,4.0,10.0,
Zach Abbott,England,13/05/2006 (18),,Nottingham Forest,Defender,0.0,0.0,0.0,0.0,
Terry Ablade,Finland,12/10/2001,,,Forward,0.0,0.0,0.0,,
Josh Acheampong,England,05/05/2006 (18),,Chelsea,Defender,1.0,0.0,0.0,0.0,
Tyler Adams,United States,14/02/1999 (25),173cm,Bournemouth,Midfielder,27.0,0.0,0.0,,
Tosin Adarabioyo,England,24/09/1997 (26),196cm,Chelsea,Defender,78.0,3.0,0.0,18.0,
Tayo Adaramola,Ireland,14/11/2003,177cm,,Defender,0.0,0.0,0.0,0.0,
Elijah Adebayo,England,07/01/1998,193cm,,Forward,27.0,10.0,0.0,,
Valintino Adedokun,Ireland,14/02/2003,,,Defender,0.0,0.0,0.0,0.0,
Simon Adingra,Cote D’Ivoire,01/01/2002 (22),175cm,Brighton & Hove Albion,Forward,31.0,6.0,1.0,,
Adler Nascimento,Portugal,25/11/2004,,,Forward,0.0,0.0,0.0,,
Adrián,Spain,03/01/1987,190cm,,Goalkeeper,139.0,0.0,0.0,38.0,
Daniel Adu-Adjei,England,21/06/2005,177cm,,Forward,0.0,0.0,0.0,,
Nayef Aguerd,Morocco,30/03/1996 (28),190cm,West Ham United,Defender,39.0,3.0,0.0,7.0,
Brandon Aguilera,Costa Rica,28/06/2003,179cm,,Midfielder,1.0,0.0,0.0,,
Enock Agyei,Belgium,13/01/2005,172cm,,Forward,0.0,0.0,0.0,,
Naouirou Ahamada,France,29/03/2002 (22),183cm,Crystal Palace,Midfielder,28.0,0.0,0.0,,
Anel Ahmedhodzic,Bosnia & Herzegovina,26/03/1999,195cm,,Defender,31.0,2.0,0.0,1.0,
Ola Aina,Nigeria,08/10/1996 (27),184cm,Nottingham Forest,Defender,56.0,3.0,2.0,7.0,
Rayan Aït-Nouri,Algeria,06/06/2001 (23),180cm,Wolverhampton Wanderers,Defender,98.0,5.0,4.0,10.0,
Kristoffer Ajer,Norway,17/04/1998 (26),198cm,Brentford,Defender,61.0,3.0,4.0,9.0,
Manuel Akanji,Switzerland,19/07/1995 (29),186cm,Manchester City,Defender,59.0,2.0,1.0,17.0,
Ameen Al Dakhil,Belgium,06/03/2002,187cm,,Defender,13.0,1.0,0.0,0.0,
Thiago Alcântara,Spain,11/04/1991,174cm,,Midfielder,68.0,2.0,4.0,,
Alex Murphy,Ireland,25/06/2004 (20),,Newcastle United,Defender,2.0,0.0,0.0,0.0,
Alex Telles,Brazil,15/12/1992,181cm,,Defender,30.0,0.0,6.0,5.0,
Trent Alexander-Arnold,England,07/10/1998 (25),175cm,Liverpool,Defender,226.0,15.0,58.0,68.0,
Alisson Becker,Brazil,02/10/1992 (31),193cm,Liverpool,Goalkeeper,201.0,1.0,3.0,86.0,
Sonny Aljofree,England,19/12/2004 (19),,,Defender,0.0,0.0,0.0,0.0,
Josh Allen,England,21/12/2003,,,Forward,0.0,0.0,0.0,,
Max Alleyne,England,21/07/2005 (19),,Manchester City,Defender,0.0,0.0,0.0,0.0,
Miguel Almirón,Paraguay,10/02/1994 (30),174cm,Newcastle United,Midfielder,177.0,23.0,6.0,,
Julián Álvarez,Argentina,31/01/2000 (24),170cm,Manchester City,Forward,67.0,20.0,9.0,,
Steven Alzate,Colombia,08/09/1998,180cm,,Midfielder,43.0,1.0,0.0,,
Harry Amass,England,16/03/2007 (17),,Manchester United,Defender,0.0,0.0,0.0,0.0,
Zeki Amdouni,Switzerland,04/12/2000,185cm,,Forward,34.0,5.0,1.0,,
Samuel Amissah,England,07/03/2007,,,Defender,0.0,0.0,0.0,0.0,
Ethan Ampadu,Wales,14/09/2000,182cm,,Defender,26.0,0.0,0.0,2.0,
Sofyan Amrabat,Morocco,21/08/1996,183cm,,Midfielder,21.0,0.0,0.0,,
Joseph Anang,England,08/06/2000,190cm,,Goalkeeper,0.0,0.0,0.0,0.0,
Joachim Andersen,Denmark,31/05/1996 (28),192cm,Crystal Palace,Defender,135.0,4.0,7.0,36.0,
Elliot Anderson,Scotland,06/11/2002 (21),179cm,Nottingham Forest,Midfielder,44.0,0.0,3.0,,
André Gomes,Portugal,30/07/1993,188cm,,Midfielder,100.0,2.0,4.0,,
Andrey Santos,Brazil,03/05/2004,178cm,,Midfielder,1.0,0.0,0.0,,
Vincent Angelini,Scotland,12/09/2003,186cm,,Goalkeeper,0.0,0.0,0.0,0.0,
Ângelo,Brazil,21/12/2004 (19),180cm,Chelsea,Forward,0.0,0.0,0.0,,
Tino Anjorin,England,23/11/2001,185cm,,Midfielder,1.0,0.0,0.0,,
Jaidon Anthony,England,01/12/1999 (24),183cm,Leeds United,Forward,33.0,2.0,1.0,,
Antony,Brazil,24/02/2000 (24),174cm,Manchester United,Forward,54.0,5.0,3.0,,
Keenan Appiah-Forson,England,16/10/2001,,,Midfielder,0.0,0.0,0.0,,
Oliver Arblaster,England,05/05/2004,175cm,,Midfielder,12.0,0.0,0.0,,
Cameron Archer,England,09/12/2001 (22),181cm,Aston Villa,Forward,39.0,4.0,1.0,,
Alphonse Areola,France,27/02/1993 (31),195cm,West Ham United,Goalkeeper,73.0,0.0,0.0,13.0,
Benjamin Arthur,England,09/10/2005,,,Defender,0.0,0.0,0.0,0.0,
Harrison Ashby,Scotland,14/11/2001 (22),179cm,Newcastle United,Defender,1.0,0.0,0.0,0.0,
Lorenz Assignon,France,22/06/2000,179cm,,Defender,15.0,1.0,2.0,0.0,
Noël Atom,Germany,05/01/2005,,,Defender,0.0,0.0,0.0,0.0,
Pierre-Emerick Aubameyang,Gabon,18/06/1989,187cm,,Forward,143.0,69.0,16.0,,
Sèrge Aurier,Cote D’Ivoire,24/12/1992,176cm,,Defender,113.0,6.0,14.0,21.0,
Brandon Austin,England,08/01/1999 (25),188cm,Tottenham Hotspur,Goalkeeper,0.0,0.0,0.0,0.0,
Taiwo Awoniyi,Nigeria,12/08/1997 (26),183cm,Nottingham Forest,Forward,47.0,16.0,4.0,,
Yasin Ayari,Sweden,06/10/2003 (20),172cm,Blackburn Rovers,Midfielder,3.0,0.0,0.0,,
Jordan Ayew,Ghana,11/09/1991 (32),182cm,Crystal Palace,Forward,274.0,37.0,25.0,,
César Azpilicueta,Spain,28/08/1989,178cm,,Defender,349.0,10.0,35.0,115.0,
Abdul Baba,Ghana,02/07/1994,180cm,,Defender,15.0,0.0,1.0,2.0,
Benoît Badiashile,France,26/03/2001 (23),194cm,Chelsea,Defender,29.0,1.0,1.0,7.0,
Leon Bailey,Jamaica,09/08/1997 (26),178cm,Aston Villa,Midfielder,86.0,15.0,15.0,,
Eric Bailly,Cote D’Ivoire,12/04/1994,187cm,,Defender,70.0,1.0,0.0,24.0,
Stefan Bajcetic,Spain,22/10/2004 (19),185cm,Liverpool,Midfielder,12.0,1.0,0.0,,
Benicio Baker-Boaitey,England,09/01/2004,,,Forward,5.0,0.0,0.0,,
Ellery Balcombe,England,15/10/1999,190cm,,Goalkeeper,0.0,0.0,0.0,0.0,
George Baldock,Greece,09/03/1993,178cm,,Defender,83.0,2.0,6.0,17.0,
Carlos Baleba,Cameroon,03/01/2004 (20),179cm,Brighton & Hove Albion,Midfielder,27.0,0.0,0.0,,
Emilio Ballard-Matthews,England,11/08/2008 (15),,Wolverhampton Wanderers,Forward,0.0,0.0,0.0,,
Fodé Ballo-Touré,Senegal,03/01/1997,182cm,,Defender,6.0,0.0,0.0,0.0,
Kofi Balmer,Northern Ireland,19/09/2000,183cm,,Defender,0.0,0.0,0.0,0.0,
Folarin Balogun,United States,03/07/2001,178cm,,Forward,2.0,0.0,0.0,,
Scott Banks,Scotland,26/09/2001,183cm,,Forward,0.0,0.0,0.0,,
Shandon Baptiste,Grenada,08/04/1998,175cm,,Midfielder,55.0,2.0,2.0,,
Valentín Barco,Argentina,23/07/2004 (20),170cm,Brighton & Hove Albion,Defender,6.0,0.0,0.0,0.0,
Ty Barnett,England,19/07/2005 (19),,Wolverhampton Wanderers,Forward,0.0,0.0,0.0,,
Luca Barrington,England,12/12/2004,,,Forward,0.0,0.0,0.0,,
Chris Basham,England,20/07/1988,190cm,,Defender,98.0,1.0,4.0,14.0,
Calvin Bassey,Nigeria,31/12/1999 (24),185cm,Fulham,Defender,29.0,1.0,0.0,6.0,
Samuel Bastien,DR Congo,26/09/1996,175cm,,Midfielder,0.0,0.0,0.0,,
Joe Bauress,England,01/03/2006,,,Forward,0.0,0.0,0.0,,
Nathan Baxter,England,08/11/1998,191cm,,Goalkeeper,0.0,0.0,0.0,0.0,
Altay Bayindir,Turkey,14/04/1998 (26),198cm,Manchester United,Goalkeeper,0.0,0.0,0.0,0.0,
Eddie Beach,Wales,09/10/2003 (20),196cm,Chelsea,Goalkeeper,0.0,0.0,0.0,0.0,
Mads Bech,Denmark,07/01/1999,189cm,,Defender,15.0,0.0,0.0,2.0,
Owen Beck,Wales,09/08/2002 (21),177cm,Liverpool,Defender,1.0,0.0,0.0,0.0,
Amari'i Bell,Jamaica,05/05/1994,180cm,,Defender,21.0,0.0,0.0,1.0,
Jimi Tauriainen,Finland,08/03/2004,,,Midfielder,1.0,0.0,0.0,,
Marcus Tavernier,England,22/03/1999 (25),178cm,Bournemouth,Midfielder,53.0,8.0,8.0,,
Slobodan Tedic,Serbia,13/04/2000,190cm,,Forward,0.0,0.0,0.0,,
Nathan Tella,Nigeria,05/07/1999,173cm,,Midfielder,33.0,1.0,2.0,,
Kenny Tete,Netherlands,09/10/1995 (28),180cm,Fulham,Defender,67.0,2.0,6.0,11.0,
Thiago Silva,Brazil,22/09/1984,183cm,,Defender,113.0,8.0,3.0,32.0,
Bobby Thomas,England,30/01/2001,186cm,,Defender,0.0,0.0,0.0,0.0,
Elliot Thorpe,Wales,09/11/2000,176cm,,Midfielder,0.0,0.0,0.0,,
Youri Tielemans,Belgium,07/05/1997 (27),176cm,Aston Villa,Midfielder,183.0,23.0,26.0,,
Kieran Tierney,Scotland,05/06/1997 (27),178cm,Real Sociedad,Defender,91.0,3.0,8.0,19.0,
Jurriën Timber,Netherlands,17/06/2001 (23),179cm,Arsenal,Defender,2.0,0.0,0.0,0.0,
Harry Toffolo,England,19/08/1995 (28),183cm,Nottingham Forest,Defender,42.0,1.0,3.0,2.0,
Takehiro Tomiyasu,Japan,05/11/1998 (25),187cm,Arsenal,Defender,64.0,2.0,3.0,11.0,
Sandro Tonali,Italy,08/05/2000 (24),181cm,Newcastle United,Midfielder,8.0,1.0,0.0,,
Ivan Toney,England,16/03/1996 (28),185cm,Brentford,Forward,85.0,36.0,11.0,,
Pau Torres,Spain,16/01/1997 (27),191cm,Aston Villa,Defender,29.0,2.0,0.0,6.0,
Toti Gomes,Portugal,16/01/1999 (25),187cm,Wolverhampton Wanderers,Defender,56.0,2.0,3.0,8.0,
James Trafford,England,10/10/2002,197cm,,Goalkeeper,28.0,0.0,0.0,2.0,
Bertrand Traoré,Burkina Faso,06/09/1995,181cm,,Forward,65.0,11.0,7.0,,
Mark Travers,Ireland,18/05/1999 (25),191cm,Bournemouth,Goalkeeper,19.0,0.0,0.0,5.0,
Mike Trésor,Belgium,28/05/1999,172cm,,Forward,16.0,0.0,0.0,,
Ryan Trevitt,England,12/03/2003 (21),170cm,Brentford,Midfielder,0.0,0.0,0.0,,
Leandro Trossard,Belgium,04/12/1994 (29),172cm,Arsenal,Forward,170.0,38.0,24.0,,
Auston Trusty,United States,12/08/1998,191cm,,Defender,32.0,0.0,0.0,1.0,
Kostas Tsimikas,Greece,12/05/1996 (28),179cm,Liverpool,Defender,48.0,0.0,9.0,7.0,
Matt Turner,United States,24/06/1994 (30),191cm,Nottingham Forest,Goalkeeper,17.0,0.0,0.0,2.0,
Jay Turner-Cooke,England,31/12/2003 (20),,Newcastle United,Midfielder,0.0,0.0,0.0,,
Ed Turns,Wales,18/10/2002 (21),,Crewe Alexandra,Defender,0.0,0.0,0.0,0.0,
Scott Twine,England,14/07/1999,174cm,,Midfielder,0.0,0.0,0.0,,
Destiny Udogie,Italy,28/11/2002 (21),186cm,Tottenham Hotspur,Defender,28.0,2.0,3.0,2.0,
Lesley Ugochukwu,France,26/03/2004 (20),190cm,Chelsea,Midfielder,12.0,0.0,0.0,,
Franco Umeh-Chibueze,Ireland,26/01/2005 (19),,Crystal Palace,Forward,0.0,0.0,0.0,,
Enes Ünal,Turkey,10/05/1997 (27),187cm,Bournemouth,Forward,16.0,2.0,2.0,,
Deniz Undav,Germany,19/07/1996 (28),179cm,Brighton & Hove Albion,Forward,22.0,5.0,0.0,,
Hákon Valdimarsson,Iceland,13/10/2001 (22),188cm,Brentford,Goalkeeper,0.0,0.0,0.0,0.0,
Harvey Vale,England,11/09/2003,181cm,,Midfielder,0.0,0.0,0.0,,
Joel Valencia,Ecuador,16/11/1994,164cm,,Forward,0.0,0.0,0.0,,
Donny van de Beek,Netherlands,18/04/1997,184cm,,Midfielder,42.0,3.0,1.0,,
Micky van de Ven,Netherlands,19/04/2001 (23),193cm,Tottenham Hotspur,Defender,27.0,3.0,0.0,5.0,
Sepp van den Berg,Netherlands,20/12/2001 (22),189cm,Liverpool,Defender,0.0,0.0,0.0,0.0,
Virgil van Dijk,Netherlands,08/07/1991 (33),195cm,Liverpool,Defender,264.0,22.0,7.0,102.0,
Jan Paul van Hecke,Netherlands,08/06/2000 (24),189cm,Brighton & Hove Albion,Defender,36.0,0.0,0.0,5.0,
Raphaël Varane,France,25/04/1993,191cm,,Defender,68.0,2.0,1.0,16.0,
Alejo Véliz,Argentina,19/09/2003 (20),186cm,Sevilla,Forward,8.0,1.0,0.0,,
Joël Veltman,Netherlands,15/01/1992 (32),184cm,Brighton & Hove Albion,Defender,120.0,4.0,4.0,23.0,
Bart Verbruggen,Netherlands,18/08/2002 (21),193cm,Brighton & Hove Albion,Goalkeeper,21.0,0.0,0.0,4.0,
Guglielmo Vicario,Italy,07/10/1996 (27),194cm,Tottenham Hotspur,Goalkeeper,38.0,0.0,0.0,7.0,
Lawrence Vigouroux,Chile,19/11/1993,194cm,,Goalkeeper,0.0,0.0,0.0,0.0,
Matías Viña,Uruguay,09/11/1997,175cm,,Defender,12.0,2.0,0.0,1.0,
Vinicius Souza,Brazil,17/06/1999,187cm,,Midfielder,36.0,1.0,0.0,,
Radek Vítek,Czech Republic,24/10/2003 (20),198cm,Accrington Stanley,Goalkeeper,0.0,0.0,0.0,0.0,
Vitinho,Brazil,23/07/1999,175cm,,Defender,32.0,0.0,2.0,2.0,
Odysseas Vlachodimos,Greece,26/04/1994 (30),188cm,Newcastle United,Goalkeeper,5.0,0.0,0.0,1.0,
Nikola Vlasic,Croatia,04/10/1997,178cm,,Midfielder,31.0,1.0,0.0,,
Jack Wadham,England,25/02/2003,183cm,,Midfielder,0.0,0.0,0.0,,
Ethan Wady,United States,23/01/2002,,,Goalkeeper,0.0,0.0,0.0,0.0,
Reuell Walters,England,16/12/2004,183cm,,Defender,0.0,0.0,0.0,0.0,
Jack Walton,England,23/04/1998,184cm,,Goalkeeper,0.0,0.0,0.0,0.0,
Aaron Wan-Bissaka,England,26/11/1997 (26),183cm,Manchester United,Defender,172.0,2.0,13.0,51.0,
Lewis Warrington,England,10/10/2002,,,Midfielder,1.0,0.0,0.0,,
Ollie Watkins,England,30/12/1995 (28),180cm,Aston Villa,Forward,146.0,59.0,26.0,,
Louie Watson,Ireland,07/06/2001,,,Midfielder,0.0,0.0,0.0,,
Kelland Watts,England,03/11/1999,192cm,,Defender,1.0,0.0,0.0,0.0,
Wout Weghorst,Netherlands,07/08/1992,197cm,,Forward,37.0,2.0,4.0,,
Jensen Weir,England,31/01/2002 (22),186cm,Port Vale,Midfielder,0.0,0.0,0.0,,
Reece Welch,England,19/09/2003,,,Defender,0.0,0.0,0.0,0.0,
Jack Wells-Morrison,England,18/02/2004 (20),180cm,Crystal Palace,Midfielder,0.0,0.0,0.0,,
Timo Werner,Germany,06/03/1996 (28),180cm,Tottenham Hotspur,Forward,69.0,12.0,12.0,,
Wesley,Brazil,24/11/1996,191cm,,Forward,25.0,5.0,1.0,,
Adam Wharton,England,06/02/2004 (20),182cm,Crystal Palace,Midfielder,16.0,0.0,3.0,,
Ethan Wheatley,England,20/01/2006 (18),,Manchester United,Forward,3.0,0.0,0.0,,
Ben White,England,08/10/1997 (26),186cm,Arsenal,Defender,143.0,6.0,9.0,46.0,
Alfie Whiteman,England,02/10/1998 (25),189cm,Tottenham Hotspur,Goalkeeper,0.0,0.0,0.0,0.0,
Matthew Whittingham,England,21/10/2004 (19),,Wolverhampton Wanderers,Midfielder,0.0,0.0,0.0,,
Joe Whitworth,England,29/02/2004,179cm,,Goalkeeper,2.0,0.0,0.0,0.0,
George Wickens,England,08/11/2001,183cm,,Goalkeeper,0.0,0.0,0.0,0.0,
Dylan Williams,England,13/09/2003,,,Defender,0.0,0.0,0.0,0.0,
Willian,Brazil,09/08/1988 (35),175cm,Fulham,Forward,317.0,47.0,45.0,,
Joe Willock,England,20/08/1999 (24),179cm,Newcastle United,Midfielder,127.0,15.0,7.0,,
Josh Wilson-Esbrand,England,26/12/2002 (21),176cm,Manchester City,Defender,0.0,0.0,0.0,0.0,
Yoane Wissa,DR Congo,03/09/1996 (27),176cm,Brentford,Midfielder,102.0,26.0,7.0,,
Cauley Woodrow,England,02/12/1994,184cm,,Forward,30.0,2.0,1.0,,
Tom Wooster,England,30/03/2005,,,Goalkeeper,0.0,0.0,0.0,0.0,
Joe Worrall,England,10/01/1997 (27),193cm,Nottingham Forest,Defender,37.0,1.0,0.0,6.0,
James Wright,England,02/12/2004,,,Goalkeeper,0.0,0.0,0.0,0.0,
Granit Xhaka,Switzerland,27/09/1992,186cm,,Midfielder,225.0,17.0,24.0,,
Yan Couto,Brazil,03/06/2002,168cm,,Defender,0.0,0.0,0.0,0.0,
Jean-Ricner Bellegarde,France,27/06/1998 (26),170cm,Wolverhampton Wanderers,Midfielder,22.0,2.0,1.0,,
Anis Ben Slimane,Tunisia,16/03/2001,188cm,,Midfielder,15.0,0.0,0.0,,
Steven Benda,Germany,01/10/1998 (25),192cm,Fulham,Goalkeeper,0.0,0.0,0.0,0.0,
Rhys Bennett,England,30/10/2003 (20),,,Defender,0.0,0.0,0.0,0.0,
Saïd Benrahma,Algeria,10/08/1995,172cm,,Forward,110.0,15.0,16.0,,
Rodrigo Bentancur,Uruguay,25/06/1997 (27),187cm,Tottenham Hotspur,Midfielder,58.0,6.0,7.0,,
Dan Bentley,England,13/07/1993 (31),188cm,Wolverhampton Wanderers,Goalkeeper,7.0,0.0,0.0,1.0,
Sander Berge,Norway,14/02/1998,195cm,,Midfielder,66.0,3.0,4.0,,
Lucas Bergström,Finland,05/09/2002 (21),199cm,Chelsea,Goalkeeper,0.0,0.0,0.0,0.0,
Bernardo Silva,Portugal,10/08/1994 (29),173cm,Manchester City,Midfielder,233.0,39.0,42.0,,
Luke Berry,England,12/07/1992,177cm,,Midfielder,17.0,2.0,1.0,,
Beto,Portugal,31/01/1998 (26),194cm,Everton,Forward,30.0,3.0,0.0,,
Jordan Beyer,Germany,19/05/2000,187cm,,Defender,15.0,0.0,1.0,2.0,
Giulian Biancone,France,31/03/2000,187cm,,Defender,2.0,0.0,0.0,0.0,
Mads Bidstrup,Denmark,25/02/2001,175cm,,Midfielder,4.0,0.0,0.0,,
Mika Biereth,Denmark,08/02/2003 (21),187cm,SK Puntigamer Sturm Graz,Forward,0.0,0.0,0.0,,
Nathan Bishop,England,15/10/1999,185cm,,Goalkeeper,0.0,0.0,0.0,0.0,
Yves Bissouma,Mali,30/08/1996 (27),182cm,Tottenham Hotspur,Midfielder,163.0,3.0,2.0,,
Billy Blacker,England,25/05/2006,,,Forward,0.0,0.0,0.0,,
Malachi Boateng,England,05/07/2002,,,Midfielder,0.0,0.0,0.0,,
Oscar Bobb,Norway,12/07/2003 (21),174cm,Manchester City,Midfielder,14.0,1.0,1.0,,
Jayden Bogle,England,27/07/2000,178cm,,Defender,50.0,5.0,0.0,3.0,
Bendegúz Bolla,Hungary,22/11/1999,180cm,,Defender,0.0,0.0,0.0,0.0,
Willy-Arnaud Boly,Cote D’Ivoire,03/02/1991 (33),195cm,Nottingham Forest,Defender,120.0,7.0,4.0,31.0,
Alex Borto,United States,06/11/2003,188cm,,Goalkeeper,0.0,0.0,0.0,0.0,
Sven Botman,Netherlands,12/01/2000 (24),193cm,Newcastle United,Defender,53.0,2.0,2.0,14.0,
Aaron Bott,England,06/09/2004,,,Goalkeeper,0.0,0.0,0.0,0.0,
Jarrod Bowen,England,20/12/1996 (27),175cm,West Ham United,Forward,166.0,43.0,30.0,,
Josh Bowler,England,05/03/1999 (25),,Nottingham Forest,Midfielder,0.0,0.0,0.0,,
Conor Bradley,Northern Ireland,09/07/2003 (21),180cm,Liverpool,Defender,11.0,1.0,3.0,0.0,
Jarrad Branthwaite,England,27/06/2002 (22),195cm,Everton,Defender,45.0,4.0,0.0,13.0,
Ben Brereton,Chile,18/04/1999 (25),185cm,Southampton,Forward,14.0,6.0,1.0,,
Rhian Brewster,England,01/04/2000,180cm,,Forward,40.0,0.0,0.0,,
Ethan Brierley,England,23/11/2003,168cm,,Midfielder,0.0,0.0,0.0,,
Armando Broja,Albania,10/09/2001 (22),191cm,Chelsea,Forward,66.0,8.0,1.0,,
Josh Brooking,England,01/09/2002,,,Defender,0.0,0.0,0.0,0.0,
Jacob Brown,Scotland,10/04/1998,178cm,,Forward,19.0,2.0,0.0,,
Josh Brownhill,England,19/12/1995,180cm,,Midfielder,111.0,6.0,6.0,,
Bruno Fernandes,Portugal,08/09/1994 (29),179cm,Manchester United,Midfielder,159.0,54.0,41.0,,
Bruno Guimarães,Brazil,16/11/1997 (26),182cm,Newcastle United,Midfielder,86.0,16.0,14.0,,
Bruno Jordão,Portugal,12/10/1998,180cm,,Midfielder,1.0,0.0,0.0,,
Jacob Bruun Larsen,Denmark,19/09/1998,183cm,,Forward,32.0,6.0,0.0,,
Emiliano Buendía,Argentina,25/12/1996 (27),172cm,Aston Villa,Midfielder,109.0,10.0,15.0,,
Santiago Bueno,Uruguay,09/11/1998 (25),190cm,Wolverhampton Wanderers,Defender,12.0,0.0,0.0,0.0,
Facundo Buonanotte,Argentina,23/12/2004 (19),174cm,Brighton & Hove Albion,Midfielder,40.0,4.0,2.0,,
Jake Burger,England,06/10/2004,,,Midfielder,0.0,0.0,0.0,,
Reece Burke,England,02/09/1996,188cm,,Defender,27.0,0.0,4.0,3.0,
Nathan Butler-Oyedeji,England,04/01/2003,177cm,,Forward,0.0,0.0,0.0,,
Jili Buyabu,England,09/08/2003,182cm,,Defender,0.0,0.0,0.0,0.0,
Cafú,Portugal,26/02/1993,185cm,,Midfielder,1.0,0.0,0.0,,
Elijah Campbell,England,02/08/2004 (20),182cm,Fleetwood Town,Defender,0.0,0.0,0.0,0.0,
Thomas Cannon,Ireland,28/12/2002 (21),180cm,Leicester City,Forward,3.0,0.0,0.0,,
Sergi Canós,Spain,02/02/1997,177cm,,Midfielder,37.0,3.0,2.0,,
Carlos Gomes,Guinea-Bissau,14/11/1998,178cm,,Forward,0.0,0.0,0.0,,
Carlos Vinícius,Brazil,25/03/1995 (29),190cm,Fulham,Forward,50.0,8.0,2.0,,
Nathan Carlyon,England,14/09/2002,,,Midfielder,0.0,0.0,0.0,,
Scott Carson,England,03/09/1985 (38),188cm,Manchester City,Goalkeeper,146.0,0.0,2.0,30.0,
Cesare Casadei,Italy,10/01/2003 (21),186cm,Chelsea,Midfielder,11.0,0.0,0.0,,
Casemiro,Brazil,23/02/1992 (32),185cm,Manchester United,Midfielder,53.0,5.0,5.0,,
Kaelan Casey,England,28/10/2004 (19),,West Ham United,Defender,1.0,0.0,0.0,0.0,
Matty Cash,Poland,07/08/1997 (26),185cm,Aston Villa,Defender,121.0,6.0,8.0,25.0,
Charlie Casper,England,04/04/2005,,,Goalkeeper,0.0,0.0,0.0,0.0,
Timothy Castagne,Belgium,05/12/1995 (28),185cm,Fulham,Defender,125.0,6.0,9.0,25.0,
Leo Castledine,England,20/08/2005,,,Midfielder,0.0,0.0,0.0,,
Cédric Soares,Portugal,31/08/1991,172cm,,Defender,167.0,3.0,13.0,33.0,
Kallum Cesay,Sierra Leone,04/09/2002,,,Defender,0.0,0.0,0.0,0.0,
Trevoh Chalobah,England,05/07/1999 (25),190cm,Chelsea,Defender,58.0,4.0,1.0,15.0,
Shea Charles,Northern Ireland,05/11/2003 (20),189cm,Southampton,Midfielder,1.0,0.0,0.0,,
Charlie Robinson,England,19/09/2004,,,Defender,0.0,0.0,0.0,0.0,
Dan Chesters,England,04/04/2002,177cm,,Midfielder,1.0,0.0,0.0,,
Christian Chigozie,England,01/03/2007,,,Defender,0.0,0.0,0.0,0.0,
Chiquinho,Portugal,05/02/2000 (24),179cm,Wolverhampton Wanderers,Forward,8.0,0.0,3.0,,
Tawanda Chirewa,Zimbabwe,11/10/2003 (20),,Wolverhampton Wanderers,Midfielder,8.0,0.0,0.0,,
Leon Chiwome,England,10/01/2006 (18),,Wolverhampton Wanderers,Forward,3.0,0.0,0.0,,
Tahith Chong,Netherlands,04/12/1999,185cm,,Midfielder,38.0,4.0,0.0,,
Samy Chouchane,Tunisia,05/09/2003,,,Midfielder,0.0,0.0,0.0,,
Ryan Christie,Scotland,22/02/1995 (29),178cm,Bournemouth,Midfielder,69.0,1.0,6.0,,
Carney Chukwuemeka,England,20/10/2003 (20),187cm,Chelsea,Midfielder,37.0,1.0,2.0,,
Darko Churlinov,North Macedonia,11/07/2000,171cm,,Forward,0.0,0.0,0.0,,
Catalin Cîrjan,Romania,01/12/2002,174cm,,Midfielder,0.0,0.0,0.0,,
Bobby Clark,England,07/02/2005 (19),178cm,Liverpool,Midfielder,6.0,0.0,0.0,,
Regan Clayton,England,11/11/2004,,,Defender,0.0,0.0,0.0,0.0,
Séamus Coleman,Ireland,11/10/1988 (35),177cm,Everton,Defender,364.0,22.0,24.0,96.0,
Nathan Collins,Ireland,30/04/2001 (23),193cm,Brentford,Defender,77.0,3.0,1.0,16.0,
Toby Collyer,England,03/01/2004 (20),,Manchester United,Midfielder,0.0,0.0,0.0,,
Levi Colwill,England,26/02/2003 (21),187cm,Chelsea,Defender,40.0,1.0,3.0,7.0,
Aaron Connolly,Ireland,28/01/2000,,,Forward,45.0,5.0,2.0,,
Theo Corbeanu,Canada,17/05/2002,190cm,,Forward,1.0,0.0,0.0,,
Maxwel Cornet,Cote D’Ivoire,27/09/1996 (27),179cm,West Ham United,Forward,47.0,10.0,1.0,,
Dara Costelloe,Ireland,11/12/2002,,,Forward,0.0,0.0,0.0,,
Vladimír Coufal,Czech Republic,22/08/1992 (31),174cm,West Ham United,Defender,125.0,0.0,19.0,19.0,
Ismaila Coulibaly,Mali,25/12/2000,183cm,,Midfielder,0.0,0.0,0.0,,
Conor Coventry,Ireland,25/03/2000,177cm,,Midfielder,1.0,0.0,0.0,,
Matthew Cox,England,02/05/2003 (21),182cm,Bristol Rovers,Goalkeeper,0.0,0.0,0.0,0.0,
Amario Cozier-Duberry,England,29/05/2005 (19),,Brighton & Hove Albion,Midfielder,0.0,0.0,0.0,,
Tristan Crama,France,08/11/2001,192cm,,Defender,0.0,0.0,0.0,0.0,
Billy Crellin,England,30/06/2000 (24),185cm,Everton,Goalkeeper,0.0,0.0,0.0,0.0,
Marc Cucurella,Spain,22/07/1998 (26),172cm,Chelsea,Defender,80.0,1.0,5.0,16.0,
Josh Cullen,Ireland,07/04/1996,175cm,,Midfielder,28.0,2.0,3.0,,
Jamie Cumming,England,04/09/1999,186cm,,Goalkeeper,0.0,0.0,0.0,0.0,
Luke Cundle,England,26/04/2002 (22),,Stoke City,Midfielder,4.0,0.0,0.0,,
Ted Curd,England,14/02/2006,190cm,,Goalkeeper,0.0,0.0,0.0,0.0,
Sam Curtis,Ireland,01/12/2005,,,Defender,1.0,0.0,0.0,0.0,
Luciano D'Auria-Henry,England,11/11/2002,,,Defender,0.0,0.0,0.0,0.0,
Michael Dacosta Gonzalez,Spain,05/03/2005,186cm,,Forward,0.0,0.0,0.0,,
Mikkel Damsgaard,Denmark,03/07/2000 (24),180cm,Brentford,Midfielder,49.0,0.0,2.0,,
Daniel Podence,Portugal,21/10/1995 (28),165cm,Wolverhampton Wanderers,Midfielder,91.0,12.0,5.0,,
Danilo,Brazil,29/04/2001 (23),176cm,Nottingham Forest,Midfielder,42.0,5.0,4.0,,
Arnaut Danjuma,Netherlands,31/01/1997,178cm,,Forward,37.0,2.0,0.0,,
Jayden Danns,England,16/01/2006 (18),183cm,Liverpool,Forward,2.0,0.0,0.0,,
Josh Dasilva,England,23/10/1998 (25),184cm,Brentford,Midfielder,48.0,4.0,2.0,,
Tom Davies,England,30/06/1998,180cm,,Midfielder,164.0,6.0,5.0,,
Keinan Davis,England,13/02/1998,191cm,,Forward,34.0,1.0,1.0,,
Lucas De Bolle,Scotland,22/10/2002 (21),,Newcastle United,Midfielder,0.0,0.0,0.0,,
Kevin De Bruyne,Belgium,28/06/1991 (33),181cm,Manchester City,Midfielder,260.0,68.0,112.0,,
Luc De Fougerolles,Canada,12/10/2005,178cm,,Defender,0.0,0.0,0.0,0.0,
David de Gea,Spain,07/11/1990,192cm,,Goalkeeper,415.0,0.0,0.0,147.0,
Deivid Washington,Brazil,05/06/2005 (19),186cm,Chelsea,Forward,2.0,0.0,0.0,,
Hannes Delcroix,Belgium,28/02/1999,185cm,,Defender,12.0,0.0,0.0,0.0,
Siriki Dembélé,Scotland,07/09/1996,173cm,,Midfielder,6.0,0.0,0.0,,
Leander Dendoncker,Belgium,15/04/1995 (29),188cm,Aston Villa,Midfielder,152.0,10.0,2.0,,
Will Dennis,England,10/07/2000 (24),,Bournemouth,Goalkeeper,0.0,0.0,0.0,0.0,
Halil Dervisoglu,Turkey,08/12/1999,183cm,,Forward,1.0,0.0,0.0,,
Justin Devenny,Northern Ireland,11/10/2003 (20),,Crystal Palace,Midfielder,0.0,0.0,0.0,,
Alfie Devine,England,01/08/2004 (20),179cm,Tottenham Hotspur,Midfielder,0.0,0.0,0.0,,
Marcus Dewhurst,England,20/03/2001,189cm,,Goalkeeper,0.0,0.0,0.0,0.0,
Moussa Diaby,France,07/07/1999,170cm,,Forward,38.0,6.0,8.0,,
Amad Diallo,Cote D’Ivoire,11/07/2002 (22),173cm,Manchester United,Forward,12.0,1.0,2.0,,
Luis Díaz,Colombia,13/01/1997 (27),178cm,Liverpool,Forward,67.0,16.0,10.0,,
Matthew Dibley-Dias,New Zealand,29/10/2003,183cm,,Midfielder,0.0,0.0,0.0,,
Diego Carlos,Brazil,15/03/1993 (31),186cm,Aston Villa,Defender,30.0,0.0,0.0,5.0,
Diego Costa,Spain,07/10/1988,188cm,,Forward,112.0,53.0,16.0,,
Diego Moreira,Portugal,06/08/2004 (20),179cm,Chelsea,Forward,0.0,0.0,0.0,,
Eric Dier,England,15/01/1994,188cm,,Defender,274.0,12.0,9.0,86.0,
Lucas Digne,France,20/07/1993 (31),178cm,Aston Villa,Defender,190.0,6.0,25.0,40.0,
Diogo Dalot,Portugal,18/03/1999 (25),183cm,Manchester United,Defender,106.0,3.0,7.0,22.0,
Diogo Jota,Portugal,04/12/1996 (27),178cm,Liverpool,Forward,164.0,57.0,17.0,,
Issa Diop,France,09/01/1997 (27),194cm,Fulham,Defender,139.0,7.0,2.0,26.0,
Axel Disasi,France,11/03/1998 (26),190cm,Chelsea,Defender,31.0,2.0,0.0,5.0,
Ben Doak,Scotland,11/11/2005 (18),175cm,Liverpool,Forward,3.0,0.0,0.0,,
Lewis Dobbin,England,03/01/2003 (21),175cm,Aston Villa,Forward,15.0,1.0,0.0,,
Owen Dodgson,England,19/03/2003,178cm,,Defender,0.0,0.0,0.0,0.0,
Jérémy Doku,Belgium,27/05/2002 (22),173cm,Manchester City,Forward,29.0,3.0,8.0,,
Nicolás Domínguez,Argentina,28/06/1998 (26),179cm,Nottingham Forest,Midfielder,26.0,2.0,2.0,,
Dominic Martins,Portugal,13/10/2005,,,Midfielder,0.0,0.0,0.0,,
Jamie Donley,England,03/01/2005 (19),,Tottenham Hotspur,Forward,3.0,0.0,0.0,,
Alfie Dorrington,England,20/04/2005,,,Defender,0.0,0.0,0.0,0.0,
Cheick Doucouré,Mali,08/01/2000 (24),180cm,Crystal Palace,Midfielder,45.0,0.0,3.0,,
Alfie Doughty,England,21/12/1999,183cm,,Midfielder,37.0,2.0,8.0,,
Douglas Luiz,Brazil,09/05/1998,175cm,,Midfielder,175.0,20.0,18.0,,
Flynn Downes,England,20/01/1999 (25),173cm,Southampton,Midfielder,21.0,0.0,0.0,,
Tommy Doyle,England,17/10/2001 (22),172cm,Wolverhampton Wanderers,Midfielder,27.0,0.0,0.0,,
Mohamed Dräger,Tunisia,25/06/1996,180cm,,Defender,0.0,0.0,0.0,0.0,
Radu Dragusin,Romania,03/02/2002 (22),191cm,Tottenham Hotspur,Defender,9.0,0.0,0.0,1.0,
Cody Drameh,England,08/12/2001,175cm,,Defender,4.0,0.0,0.0,0.0,
Martin Dúbravka,Slovakia,15/01/1989 (35),190cm,Newcastle United,Goalkeeper,152.0,0.0,0.0,41.0,
Joshua Duffus,England,15/12/2004,,,Forward,0.0,0.0,0.0,,
Jhon Durán,Colombia,13/12/2003 (20),185cm,Aston Villa,Forward,35.0,5.0,0.0,,
Kiano Dyer,England,21/11/2006,,,Midfielder,0.0,0.0,0.0,,
George Earthy,England,05/09/2004 (19),,West Ham United,Midfielder,3.0,1.0,0.0,,
Evan Easton,Scotland,14/01/2005,,,Defender,0.0,0.0,0.0,0.0,
Jake Eastwood,England,03/10/1996,193cm,,Goalkeeper,0.0,0.0,0.0,0.0,
Malcolm Ebiowei,England,04/09/2003,185cm,,Forward,3.0,0.0,0.0,,
Claudio Echeverri,Argentina,02/01/2006,171cm,,Midfielder,0.0,0.0,0.0,,
Ederson,Brazil,17/08/1993 (30),188cm,Manchester City,Goalkeeper,250.0,0.0,3.0,112.0,
Odsonne Édouard,France,16/01/1998 (26),187cm,Crystal Palace,Forward,93.0,18.0,5.0,,
Khayon Edwards,Jamaica,12/09/2003,180cm,,Forward,0.0,0.0,0.0,,
John Egan,Ireland,20/10/1992,185cm,,Defender,73.0,2.0,1.0,16.0,
CJ Egan-Riley,England,02/01/2003,183cm,,Defender,1.0,0.0,0.0,0.0,
Hjalmar Ekdal,Sweden,21/10/1998,188cm,,Defender,8.0,0.0,0.0,0.0,
Anthony Elanga,Sweden,27/04/2002 (22),178cm,Nottingham Forest,Forward,75.0,8.0,12.0,,
Harvey Elliott,England,04/04/2003 (21),170cm,Liverpool,Midfielder,76.0,4.0,8.0,,
Noam Emeran,France,24/09/2002,179cm,,Forward,0.0,0.0,0.0,,
Emerson,Italy,03/08/1994 (30),176cm,West Ham United,Defender,91.0,2.0,3.0,9.0,
Emerson Royal,Brazil,14/01/1999 (25),181cm,Tottenham Hotspur,Defender,79.0,4.0,2.0,12.0,
Lander Emery,Spain,29/03/2003,,,Goalkeeper,0.0,0.0,0.0,0.0,
Julio Enciso,Paraguay,23/01/2004 (20),173cm,Brighton & Hove Albion,Forward,32.0,4.0,4.0,,
Wataru Endo,Japan,09/02/1993 (31),178cm,Liverpool,Midfielder,29.0,1.0,0.0,,
Christian Eriksen,Denmark,14/02/1992 (32),182cm,Manchester United,Midfielder,287.0,54.0,76.0,,
Maxime Estève,France,26/05/2002,193cm,,Defender,16.0,0.0,0.0,0.0,
Pervis Estupiñán,Ecuador,21/01/1998 (26),175cm,Brighton & Hove Albion,Defender,54.0,3.0,8.0,8.0,
Eberechi Eze,England,29/06/1998 (26),178cm,Crystal Palace,Midfielder,112.0,26.0,15.0,,
Lukasz Fabianski,Poland,18/04/1985 (39),190cm,West Ham United,Goalkeeper,362.0,0.0,2.0,90.0,
Fabinho,Brazil,23/10/1993,188cm,,Midfielder,151.0,8.0,8.0,,
Fábio Carvalho,Portugal,30/08/2002 (21),170cm,Liverpool,Midfielder,17.0,3.0,0.0,,
Fábio Silva,Portugal,19/07/2002 (22),185cm,Rangers,Forward,62.0,4.0,3.0,,
Fábio Vieira,Portugal,30/05/2000 (24),170cm,Arsenal,Midfielder,33.0,2.0,4.0,,
Malachi Fagan-Walcott,England,11/03/2002,,,Defender,0.0,0.0,0.0,0.0,
Romain Faivre,France,14/07/1998 (26),180cm,Bournemouth,Midfielder,5.0,0.0,0.0,,
Ansu Fati,Spain,31/10/2002,178cm,,Forward,19.0,2.0,0.0,,
Josh Feeney,England,06/05/2005,193cm,,Defender,0.0,0.0,0.0,0.0,
Felipe,Brazil,16/05/1989,190cm,,Defender,23.0,0.0,1.0,1.0,
Evan Ferguson,Ireland,19/10/2004 (19),183cm,Brighton & Hove Albion,Forward,47.0,12.0,2.0,,
Enzo Fernández,Argentina,17/01/2001 (23),178cm,Chelsea,Midfielder,46.0,3.0,4.0,,
Will Fish,England,17/02/2003 (21),185cm,Manchester United,Defender,1.0,0.0,0.0,0.0,
John Fleck,Scotland,24/08/1991,170cm,,Midfielder,65.0,5.0,4.0,,
Mark Flekken,Netherlands,13/06/1993 (31),195cm,Brentford,Goalkeeper,37.0,0.0,1.0,7.0,
Phil Foden,England,28/05/2000 (24),171cm,Manchester City,Midfielder,164.0,54.0,26.0,,
Wes Foderingham,England,14/01/1991 (33),185cm,West Ham United,Goalkeeper,30.0,0.0,0.0,1.0,
David Datro Fofana,Cote D’Ivoire,22/12/2002 (21),181cm,Burnley,Forward,18.0,4.0,1.0,,
Michael Forbes,Northern Ireland,29/04/2004,188cm,,Defender,0.0,0.0,0.0,0.0,
Tyrese Fornah,Sierra Leone,11/09/1999,,,Midfielder,0.0,0.0,0.0,,
Pablo Fornals,Spain,22/02/1996,178cm,,Midfielder,152.0,16.0,13.0,,
Omari Forson,England,20/07/2004,,,Midfielder,4.0,0.0,1.0,,
Lyle Foster,South Africa,03/09/2000,185cm,,Forward,24.0,5.0,3.0,,
Tariqe Fosu-Henry,Ghana,05/11/1995,180cm,,Midfielder,1.0,0.0,0.0,,
Denis Franchi,Italy,22/10/2002,189cm,,Goalkeeper,0.0,0.0,0.0,0.0,
Aidan Francis-Clarke,England,13/09/2005,,,Defender,0.0,0.0,0.0,0.0,
Tyrese Francois,Australia,16/07/2000,173cm,,Midfielder,2.0,0.0,0.0,,
Ryan Fraser,Scotland,24/02/1994 (30),163cm,Newcastle United,Midfielder,173.0,18.0,31.0,,
Melkamu Frauendorf,Germany,12/01/2004,,,Midfielder,0.0,0.0,0.0,,
Fred,Brazil,05/03/1993,169cm,,Midfielder,139.0,8.0,7.0,,
Benjamin Fredrick,Nigeria,28/05/2005 (19),,Brentford,Defender,0.0,0.0,0.0,0.0,
Luke Freeman,England,22/03/1992,181cm,,Midfielder,11.0,0.0,0.0,,
Remo Freuler,Switzerland,15/04/1992 (32),180cm,Nottingham Forest,Midfielder,28.0,0.0,0.0,,
James Furlong,Ireland,07/06/2002,178cm,,Defender,0.0,0.0,0.0,0.0,
Gabriel Jesus,Brazil,03/04/1997 (27),175cm,Arsenal,Forward,212.0,73.0,40.0,,
Gabriel Magalhães,Brazil,19/12/1997 (26),190cm,Arsenal,Defender,132.0,14.0,0.0,47.0,
Gabriel Martinelli,Brazil,18/06/2001 (23),178cm,Arsenal,Forward,128.0,32.0,16.0,,
Cody Gakpo,Netherlands,07/05/1999 (25),193cm,Liverpool,Forward,56.0,15.0,7.0,,
Conor Gallagher,England,06/02/2000 (24),182cm,Chelsea,Midfielder,136.0,18.0,13.0,,
Joe Gardner,England,06/06/2005 (19),,Nottingham Forest,Forward,0.0,0.0,0.0,,
Alejandro Garnacho,Argentina,01/07/2004 (20),180cm,Manchester United,Forward,57.0,10.0,6.0,,
James Garner,England,13/03/2001 (23),186cm,Everton,Midfielder,55.0,1.0,3.0,,
Joe Gauci,Australia,04/07/2000 (24),194cm,Aston Villa,Goalkeeper,0.0,0.0,0.0,0.0,
Jean-Philippe Gbamin,Cote D’Ivoire,25/09/1995,186cm,,Midfielder,6.0,0.0,0.0,,
Billy Gee,England,30/07/2005,,,Midfielder,0.0,0.0,0.0,,
Tyrique George,England,04/02/2006 (18),,Chelsea,Forward,0.0,0.0,0.0,,
Saman Ghoddos,Iran,06/09/1993,175cm,,Forward,51.0,2.0,1.0,,
Morgan Gibbs-White,England,27/01/2000 (24),171cm,Nottingham Forest,Midfielder,120.0,11.0,19.0,,
Alexander Gibson-Hammond,England,10/11/2002,,,Forward,0.0,0.0,0.0,,
Bryan Gil,Spain,11/02/2001,175cm,,Forward,24.0,0.0,1.0,,
Alex Gilbert,Ireland,28/12/2001,183cm,,Forward,0.0,0.0,0.0,,
Alfie Gilchrist,England,28/11/2003 (20),183cm,Chelsea,Defender,11.0,1.0,0.0,0.0,
Ryan Giles,England,26/01/2000,179cm,,Defender,11.0,0.0,0.0,0.0,
Mark Gillespie,England,27/03/1992 (32),192cm,Newcastle United,Goalkeeper,0.0,0.0,0.0,0.0,
Billy Gilmour,Scotland,11/06/2001 (23),170cm,Brighton & Hove Albion,Midfielder,79.0,0.0,3.0,,
Ben Godfrey,England,15/01/1998,183cm,,Defender,112.0,0.0,3.0,22.0,
Martial Godo,England,14/03/2003,,,Forward,0.0,0.0,0.0,,
Michael Golding,England,23/05/2006 (18),178cm,Leicester City,Midfielder,0.0,0.0,0.0,,
Joe Gomez,England,23/05/1997 (27),188cm,Liverpool,Defender,140.0,0.0,5.0,46.0,
Gonçalo Guedes,Portugal,29/11/1996 (27),179cm,Villarreal,Forward,13.0,1.0,1.0,,
Enso González,Paraguay,20/01/2005 (19),169cm,Wolverhampton Wanderers,Forward,1.0,0.0,0.0,,
Charlie Goode,England,03/08/1995,196cm,,Defender,6.0,0.0,0.0,1.0,
Owen Goodman,England,27/11/2003,,,Goalkeeper,0.0,0.0,0.0,0.0,
John-Kymani Gordon,England,13/02/2003,181cm,,Forward,0.0,0.0,0.0,,
Daniel Gore,England,26/09/2004,,,Midfielder,1.0,0.0,0.0,,
True Grant,England,02/11/2005,,,Goalkeeper,0.0,0.0,0.0,0.0,
Ryan Gravenberch,Netherlands,16/05/2002 (22),190cm,Liverpool,Midfielder,26.0,1.0,0.0,,
Ivo Grbic,Croatia,18/01/1996,195cm,,Goalkeeper,9.0,0.0,0.0,0.0,
Ben Greenwood,Ireland,20/02/2003,170cm,,Defender,0.0,0.0,0.0,0.0,
Seán Grehan,Ireland,08/01/2004 (20),,Carlisle United,Defender,0.0,0.0,0.0,0.0,
Harvey Griffiths,England,22/09/2003 (20),,Wolverhampton Wanderers,Midfielder,0.0,0.0,0.0,,
Pascal Groß,Germany,15/06/1991,181cm,,Midfielder,228.0,30.0,45.0,,
Vicente Guaita,Spain,10/01/1987,190cm,,Goalkeeper,149.0,0.0,0.0,42.0,
Jóhann Gudmundsson,Iceland,27/10/1990,186cm,,Midfielder,162.0,10.0,21.0,,
Marc Guéhi,England,13/07/2000 (24),182cm,Crystal Palace,Defender,98.0,3.0,2.0,22.0,
Idrissa Gueye,Senegal,26/09/1989 (34),174cm,Everton,Midfielder,192.0,7.0,6.0,,
Ilkay Gündogan,Germany,24/10/1990,180cm,,Midfielder,188.0,44.0,16.0,,
Luca Gunter,England,23/03/2005 (19),,Tottenham Hotspur,Goalkeeper,0.0,0.0,0.0,0.0,
Gustavo Scarpa,Brazil,05/01/1994,176cm,,Midfielder,6.0,0.0,0.0,,
Malo Gusto,France,19/05/2003 (21),179cm,Chelsea,Defender,27.0,0.0,6.0,2.0,
Josko Gvardiol,Croatia,23/01/2002 (22),185cm,Manchester City,Defender,28.0,4.0,1.0,9.0,
Erling Haaland,Norway,21/07/2000 (24),194cm,Manchester City,Forward,66.0,63.0,13.0,,
Jordan Hackett,England,20/02/2004,,,Defender,0.0,0.0,0.0,0.0,
Antwoine Hackford,England,20/03/2004,,,Forward,3.0,0.0,0.0,,
Lewis Hall,England,08/09/2004 (19),179cm,Newcastle United,Defender,27.0,1.0,0.0,0.0,
Gustavo Hamer,Netherlands,24/06/1997,169cm,,Midfielder,36.0,4.0,6.0,,
Micah Hamilton,England,13/11/2003 (20),,Manchester City,Midfielder,0.0,0.0,0.0,,
Oliver Hammond,Wales,13/11/2002,,,Midfielder,0.0,0.0,0.0,,
Owen Hampson,England,17/11/2004,,,Midfielder,0.0,0.0,0.0,,
Isak Hansen-Aaröen,Norway,22/08/2004,173cm,,Midfielder,0.0,0.0,0.0,,
Luke Harris,Wales,04/03/2005,177cm,,Midfielder,4.0,0.0,0.0,,
Ollie Harrison,England,07/08/2007,,,Midfielder,0.0,0.0,0.0,,
Taylor Harwood-Bellis,England,30/01/2002 (22),188cm,Southampton,Defender,0.0,0.0,0.0,0.0,
Daiki Hashioka,Japan,17/05/1999,182cm,,Defender,10.0,0.0,0.0,0.0,
Kai Havertz,Germany,11/06/1999 (25),193cm,Arsenal,Midfielder,128.0,32.0,14.0,,
Ayden Heaven,England,22/09/2006 (17),,Arsenal,Defender,0.0,0.0,0.0,0.0,
Krisztián Hegyi,Hungary,24/09/2002,196cm,,Goalkeeper,0.0,0.0,0.0,0.0,
Karl Hein,Estonia,13/04/2002 (22),193cm,Arsenal,Goalkeeper,0.0,0.0,0.0,0.0,
Dean Henderson,England,12/03/1997 (27),188cm,Crystal Palace,Goalkeeper,85.0,0.0,0.0,27.0,
Rico Henry,England,08/07/1997 (27),170cm,Brentford,Defender,76.0,3.0,3.0,17.0,
Travis Hernes,Norway,04/11/2005 (18),,Newcastle United,Midfielder,0.0,0.0,0.0,,
Yangel Herrera,Venezuela,07/01/1998,184cm,,Midfielder,0.0,0.0,0.0,,
Owen Hesketh,Wales,10/10/2002,,,Midfielder,0.0,0.0,0.0,,
Aaron Hickey,Scotland,10/06/2002 (22),178cm,Brentford,Defender,35.0,0.0,1.0,1.0,
James Hill,England,10/01/2002 (22),184cm,Bournemouth,Defender,5.0,0.0,0.0,0.0,
James Hillson,England,14/01/2001,,,Goalkeeper,0.0,0.0,0.0,0.0,
Jack Hinchy,England,30/01/2003,180cm,,Midfielder,0.0,0.0,0.0,,
Jack Hinshelwood,England,11/04/2005 (19),,Brighton & Hove Albion,Midfielder,13.0,3.0,0.0,,
Joe Hodge,Ireland,14/09/2002 (21),172cm,Wolverhampton Wanderers,Midfielder,6.0,0.0,0.0,,
Ki-Jana Hoever,Netherlands,18/01/2002 (22),183cm,Stoke City,Defender,20.0,0.0,0.0,1.0,
Fletcher Holman,England,12/10/2004 (19),,Wolverhampton Wanderers,Forward,0.0,0.0,0.0,,
Thomas Holmes,England,12/03/2000,,,Defender,0.0,0.0,0.0,0.0,
Ethan Horvath,United States,09/06/1995,191cm,,Goalkeeper,0.0,0.0,0.0,0.0,
Justin Hubner,Indonesia,14/09/2003 (20),187cm,Wolverhampton Wanderers,Defender,0.0,0.0,0.0,0.0,
Callum Hudson-Odoi,England,07/11/2000 (23),182cm,Nottingham Forest,Forward,101.0,12.0,12.0,,
Joe Hugill,England,19/10/2003,188cm,,Forward,0.0,0.0,0.0,,
Hugo Bueno,Spain,18/09/2002 (21),180cm,Wolverhampton Wanderers,Defender,43.0,0.0,1.0,0.0,
Bashir Humphreys,England,15/03/2003 (21),187cm,Swansea City,Defender,,,,,
Mackenzie Hunt,England,14/11/2001,,,Defender,0.0,0.0,0.0,0.0,
James Huntley,England,02/03/2004 (20),,Newcastle United,Midfielder,0.0,0.0,0.0,,
Omari Hutchinson,Jamaica,29/10/2003 (20),174cm,Ipswich Town,Forward,1.0,0.0,0.0,,
Hwang Hee-Chan,South Korea,26/01/1996 (28),177cm,Wolverhampton Wanderers,Forward,86.0,20.0,5.0,,
Hwang Ui-Jo,South Korea,28/08/1992 (31),185cm,Nottingham Forest,Forward,0.0,0.0,0.0,,
Pierre-Emile Højbjerg,Denmark,05/08/1995,185cm,,Midfielder,254.0,12.0,15.0,,
Rasmus Højlund,Denmark,04/02/2003 (21),191cm,Manchester United,Forward,30.0,10.0,2.0,,
Bradley Ibrahim,England,21/10/2004,,,Midfielder,0.0,0.0,0.0,,
Igor Julio,Brazil,07/02/1998 (26),185cm,Brighton & Hove Albion,Defender,24.0,0.0,0.0,2.0,
Danny Imray,England,27/07/2003,,,Defender,0.0,0.0,0.0,0.0,
Tim Iroegbunam,England,30/06/2003 (21),183cm,Everton,Midfielder,12.0,0.0,0.0,,
Andy Irving,Scotland,13/05/2000,190cm,,Midfielder,0.0,0.0,0.0,,
Alexander Isak,Sweden,21/09/1999 (24),192cm,Newcastle United,Forward,52.0,31.0,3.0,,
Harry Isted,England,05/03/1997,186cm,,Goalkeeper,0.0,0.0,0.0,0.0,
Ivan Cavaleiro,Angola,18/10/1993,175cm,,Forward,59.0,6.0,1.0,,
Ben Jackson,England,03/09/2003,190cm,,Defender,0.0,0.0,0.0,0.0,
Reece James,England,08/12/1999 (24),182cm,Chelsea,Defender,108.0,7.0,16.0,20.0,
Jamie Miley,England,14/01/2004 (20),,Newcastle United,Midfielder,0.0,0.0,0.0,,
Vitaly Janelt,Germany,10/05/1998 (26),184cm,Brentford,Midfielder,104.0,8.0,4.0,,
Pontus Jansson,Sweden,13/02/1991,194cm,,Defender,49.0,4.0,1.0,8.0,
Vítezslav Jaros,Czech Republic,23/07/2001 (23),190cm,Liverpool,Goalkeeper,0.0,0.0,0.0,0.0,
Daniel Jebbison,Canada,11/07/2003 (21),190cm,Bournemouth,Forward,5.0,1.0,0.0,,
Mathias Jensen,Denmark,01/01/1996 (28),180cm,Brentford,Midfielder,100.0,8.0,10.0,,
Raúl Jiménez,Mexico,05/05/1991 (33),190cm,Fulham,Forward,159.0,47.0,18.0,,
João Cancelo,Portugal,27/05/1994 (30),182cm,FC Barcelona,Defender,98.0,5.0,11.0,41.0,
João Félix,Portugal,10/11/1999,181cm,,Forward,16.0,4.0,0.0,,
João Gomes,Brazil,12/02/2001 (23),176cm,Wolverhampton Wanderers,Midfielder,45.0,3.0,1.0,,
João Moutinho,Portugal,08/09/1986,170cm,,Midfielder,175.0,5.0,18.0,,
João Palhinha,Portugal,09/07/1995,190cm,,Midfielder,68.0,7.0,1.0,,
João Pedro,Brazil,26/09/2001 (22),182cm,Brighton & Hove Albion,Forward,62.0,12.0,4.0,,
João Virgínia,Portugal,10/10/1999 (24),193cm,Everton,Goalkeeper,1.0,0.0,0.0,0.0,
Joelinton,Brazil,14/08/1996 (27),186cm,Newcastle United,Forward,156.0,18.0,7.0,,
Kyle John,England,13/02/2001,,,Defender,0.0,0.0,0.0,0.0,
Joe Johnson,England,21/02/2006,180cm,,Defender,2.0,0.0,0.0,0.0,
Curtis Jones,England,30/01/2001 (23),185cm,Liverpool,Midfielder,86.0,7.0,5.0,,
Jorginho,Italy,20/12/1991 (32),180cm,Arsenal,Midfielder,181.0,21.0,8.0,,
José Sá,Portugal,17/01/1993 (31),192cm,Wolverhampton Wanderers,Goalkeeper,108.0,0.0,2.0,26.0,
Marc Jurado,Spain,13/04/2004,178cm,,Defender,0.0,0.0,0.0,0.0,
Issa Kaboré,Burkina Faso,12/05/2001 (23),180cm,Luton Town,Defender,24.0,0.0,2.0,0.0,
Sasa Kalajdzic,Austria,07/07/1997 (27),200cm,Wolverhampton Wanderers,Forward,12.0,2.0,0.0,,
Boubacar Kamara,France,23/11/1999 (24),184cm,Aston Villa,Midfielder,44.0,0.0,2.0,,
Willy Kambwala,France,25/08/2004,,,Defender,8.0,0.0,0.0,0.0,
Thomas Kaminski,Belgium,23/10/1992,190cm,,Goalkeeper,38.0,0.0,0.0,2.0,
N'Golo Kanté,France,29/03/1991,168cm,,Midfielder,227.0,12.0,17.0,,
Michal Karbownik,Poland,13/03/2001,175cm,,Defender,0.0,0.0,0.0,0.0,
Loris Karius,Germany,22/06/1993,189cm,,Goalkeeper,30.0,0.0,0.0,13.0,
Leigh Kavanagh,Ireland,27/12/2003,,,Defender,0.0,0.0,0.0,0.0,
Hayao Kawabe,Japan,08/09/1995,178cm,,Midfielder,0.0,0.0,0.0,,
Neeskens Kebano,DR Congo,10/03/1992,170cm,,Midfielder,29.0,0.0,3.0,,
Josh Keeley,Ireland,17/05/2003,,,Goalkeeper,0.0,0.0,0.0,0.0,
Thilo Kehrer,Germany,21/09/1996,186cm,,Defender,31.0,0.0,2.0,5.0,
Naby Keïta,Guinea,10/02/1995,172cm,,Midfielder,84.0,7.0,5.0,,
Caoimhín Kelleher,Ireland,23/11/1998 (25),188cm,Liverpool,Goalkeeper,15.0,0.0,0.0,4.0,
Lloyd Kelly,England,06/10/1998 (25),178cm,Newcastle United,Defender,54.0,0.0,3.0,10.0,
Omari Kellyman,England,25/09/2005 (18),,Chelsea,Midfielder,2.0,0.0,0.0,,
Kepa,Spain,03/10/1994 (29),189cm,Real Madrid,Goalkeeper,109.0,0.0,0.0,35.0,
Milos Kerkez,Hungary,07/11/2003 (20),180cm,Bournemouth,Defender,28.0,0.0,1.0,2.0,
Kaine Kesler-Hayden,England,23/10/2002 (21),175cm,Aston Villa,Defender,3.0,0.0,0.0,0.0,
Aaron Keto-Diyawa,England,11/09/2003 (20),,Wolverhampton Wanderers,Defender,0.0,0.0,0.0,0.0,
Reda Khadra,Germany,04/07/2001,175cm,,Midfielder,1.0,0.0,0.0,,
Gavin Kilkenny,Ireland,01/02/2000 (24),170cm,Fleetwood Town,Midfielder,0.0,0.0,0.0,,
Maximilian Kilman,England,23/05/1997 (27),194cm,West Ham United,Defender,127.0,3.0,1.0,31.0,
Kim Ji-Soo,South Korea,24/12/2004 (19),192cm,Brentford,Defender,0.0,0.0,0.0,0.0,
Josh King,England,03/01/2007,,,Midfielder,0.0,0.0,0.0,,
Max Kinsey,England,02/02/2005 (19),,Bournemouth,Defender,0.0,0.0,0.0,0.0,
Jakub Kiwior,Poland,15/02/2000 (24),189cm,Arsenal,Defender,27.0,2.0,3.0,6.0,
Justin Kluivert,Netherlands,05/05/1999 (25),171cm,Bournemouth,Forward,32.0,7.0,1.0,,
Ben Knight,England,14/06/2002 (22),171cm,Stockport County,Forward,0.0,0.0,0.0,,
Jacob Knightbridge,England,25/01/2004,,,Goalkeeper,0.0,0.0,0.0,0.0,
Anthony Knockaert,France,20/11/1991,172cm,,Midfielder,72.0,5.0,7.0,,
Luca Koleosho,Italy,15/09/2004,175cm,,Forward,15.0,1.0,1.0,,
Yunus Konak,Turkey,10/01/2006 (18),181cm,Brentford,Midfielder,0.0,0.0,0.0,,
Ibrahima Konaté,France,25/05/1999 (25),194cm,Liverpool,Defender,51.0,0.0,0.0,16.0,
Terence Kongolo,Netherlands,14/02/1994,188cm,,Defender,46.0,1.0,1.0,5.0,
Kalidou Koulibaly,Senegal,20/06/1991,195cm,,Defender,23.0,2.0,1.0,5.0,
Lewis Koumas,Wales,19/09/2005,,,Forward,0.0,0.0,0.0,,
Cheikhou Kouyaté,Senegal,21/12/1989,189cm,,Midfielder,291.0,15.0,11.0,,
Mateo Kovacic,Croatia,06/05/1994 (30),177cm,Manchester City,Midfielder,172.0,5.0,13.0,,
Matej Kovár,Czech Republic,17/05/2000,196cm,,Goalkeeper,0.0,0.0,0.0,0.0,
Kacper Kozlowski,Poland,16/10/2003,182cm,,Midfielder,0.0,0.0,0.0,,
Emil Krafth,Sweden,02/08/1994 (30),184cm,Newcastle United,Defender,71.0,1.0,2.0,11.0,
Mohammed Kudus,Ghana,02/08/2000 (24),177cm,West Ham United,Midfielder,33.0,8.0,6.0,,
Dejan Kulusevski,Sweden,25/04/2000 (24),186cm,Tottenham Hotspur,Midfielder,84.0,15.0,18.0,,
Garang Kuol,Australia,15/09/2004 (19),175cm,Newcastle United,Forward,0.0,0.0,0.0,,
Layvin Kurzawa,France,04/09/1992,182cm,,Defender,3.0,0.0,0.0,0.0,
Levi Laing,England,12/04/2003,,,Defender,0.0,0.0,0.0,0.0,
Tariq Lamptey,Ghana,30/09/2000 (23),163cm,Brighton & Hove Albion,Defender,89.0,1.0,7.0,5.0,
Will Lankshear,England,20/04/2005 (19),,,Forward,0.0,0.0,0.0,,
Manuel Lanzini,Argentina,15/02/1993,167cm,,Midfielder,179.0,27.0,17.0,,
Aymeric Laporte,Spain,27/05/1994,189cm,,Defender,121.0,8.0,3.0,50.0,
Yasser Larouci,Algeria,01/01/2001,176cm,,Defender,11.0,0.0,0.0,0.0,
Richie Laryea,Canada,07/01/1995,175cm,,Defender,0.0,0.0,0.0,0.0,
Roméo Lavia,Belgium,06/01/2004 (20),181cm,Chelsea,Midfielder,30.0,1.0,0.0,,
Dexter Lembikisa,Jamaica,04/11/2003,180cm,,Defender,1.0,0.0,0.0,0.0,
Clément Lenglet,France,17/06/1995,186cm,,Defender,40.0,0.0,3.0,3.0,
Bernd Leno,Germany,04/03/1992 (32),189cm,Fulham,Goalkeeper,175.0,0.0,0.0,43.0,
Marc Leonard,Scotland,19/12/2001,,,Midfielder,0.0,0.0,0.0,,
Jefferson Lerma,Colombia,25/10/1994 (29),179cm,Crystal Palace,Midfielder,128.0,9.0,3.0,,
Marcel Lewis,England,30/09/2001,,,Midfielder,0.0,0.0,0.0,,
Lewis Miley,England,01/05/2006 (18),185cm,Newcastle United,Midfielder,18.0,1.0,3.0,,
Keane Lewis-Potter,England,22/02/2001 (23),170cm,Brentford,Forward,40.0,3.0,2.0,,
Myles Lewis-Skelly,England,26/09/2006 (17),178cm,Arsenal,Midfielder,0.0,0.0,0.0,,
Victor Lindelöf,Sweden,17/07/1994 (30),187cm,Manchester United,Defender,178.0,4.0,5.0,47.0,
Lisandro Martínez,Argentina,18/01/1998 (26),175cm,Manchester United,Defender,38.0,1.0,1.0,8.0,
Tino Livramento,England,12/11/2002 (21),182cm,Newcastle United,Defender,56.0,2.0,1.0,7.0,
Hugo Lloris,France,26/12/1986,188cm,,Goalkeeper,361.0,0.0,0.0,127.0,
Giovani Lo Celso,Argentina,09/04/1996 (28),177cm,Tottenham Hotspur,Midfielder,77.0,3.0,5.0,,
Tom Lockyer,Wales,03/12/1994,185cm,,Defender,14.0,1.0,1.0,0.0,
Andy Lonergan,England,19/10/1983,192cm,,Goalkeeper,0.0,0.0,0.0,0.0,
Sean Longstaff,England,30/10/1997 (26),180cm,Newcastle United,Midfielder,146.0,10.0,9.0,,
Jamal Lowe,Jamaica,21/07/1994,183cm,,Forward,2.0,0.0,0.0,,
Lucas Moura,Brazil,13/08/1992,172cm,,Forward,152.0,20.0,15.0,,
Lucas Paquetá,Brazil,27/08/1997 (26),180cm,West Ham United,Midfielder,59.0,8.0,9.0,,
Luizão,Brazil,08/03/2002,187cm,,Defender,0.0,0.0,0.0,0.0,
Jayden Luker,England,30/04/2005,,,Midfielder,0.0,0.0,0.0,,
Sasa Lukic,Serbia,13/08/1996 (27),183cm,Fulham,Midfielder,36.0,1.0,0.0,,
Lyle Taylor,Montserrat,29/03/1990,188cm,,Forward,0.0,0.0,0.0,,
Ian Maatsen,Netherlands,10/03/2002 (22),178cm,Aston Villa,Defender,12.0,0.0,0.0,0.0,
Alexis Mac Allister,Argentina,24/12/1998 (25),176cm,Liverpool,Midfielder,131.0,21.0,10.0,,
Noni Madueke,England,10/03/2002 (22),176cm,Chelsea,Forward,35.0,6.0,2.0,,
Paris Maghoma,England,08/05/2001 (23),,Bolton Wanderers,Midfielder,0.0,0.0,0.0,,
Mahmoud Dahoud,Syria,01/01/1996 (28),178cm,Brighton & Hove Albion,Midfielder,9.0,0.0,1.0,,
Riyad Mahrez,Algeria,21/02/1991,179cm,,Forward,284.0,82.0,61.0,,
Kobbie Mainoo,England,19/04/2005 (19),175cm,Manchester United,Midfielder,25.0,3.0,1.0,,
Tyrell Malacia,Netherlands,17/08/1999 (24),170cm,Manchester United,Defender,22.0,0.0,0.0,6.0,
Orel Mangala,Belgium,18/03/1998,178cm,,Midfielder,47.0,2.0,1.0,,
Javier Manquillo,Spain,05/05/1994,178cm,,Defender,126.0,2.0,7.0,21.0,
Manuel Benson,Angola,28/03/1997,178cm,,Forward,8.0,0.0,0.0,,
Marcelo Pitaluga,Brazil,20/12/2002 (21),192cm,Liverpool,Goalkeeper,0.0,0.0,0.0,0.0,
Emiliano Marcondes,Denmark,09/03/1995,182cm,,Midfielder,1.0,0.0,0.0,,
Mario Lemina,Gabon,01/09/1993 (30),184cm,Wolverhampton Wanderers,Midfielder,128.0,7.0,4.0,,
Finley Marjoram,England,26/03/2006,,,Defender,0.0,0.0,0.0,0.0,
Marquinhos,Brazil,07/04/2003,175cm,,Forward,1.0,0.0,0.0,,
Filip Marschall,England,24/04/2003,195cm,,Goalkeeper,0.0,0.0,0.0,0.0,
Zach Marsh,England,06/10/2005,,,Forward,0.0,0.0,0.0,,
Callum Marshall,Northern Ireland,28/11/2004 (19),172cm,West Bromwich Albion,Forward,0.0,0.0,0.0,,
Anthony Martial,France,05/12/1995,181cm,,Forward,209.0,63.0,28.0,,
Han-Noah Massengo,France,07/07/2001,178cm,,Midfielder,3.0,0.0,0.0,0.0,
Arthur Masuaku,DR Congo,07/11/1993,179cm,,Defender,105.0,1.0,9.0,17.0,
Mateo Mejia,Spain,31/03/2003,,,Forward,0.0,0.0,0.0,,
Jean-Philippe Mateta,France,28/06/1997 (27),192cm,Crystal Palace,Forward,93.0,24.0,6.0,,
Matheus Cunha,Brazil,27/05/1999 (25),183cm,Wolverhampton Wanderers,Forward,49.0,14.0,7.0,,
Matheus França,Brazil,01/04/2004 (20),178cm,Crystal Palace,Forward,10.0,0.0,1.0,,
Matheus Nunes,Portugal,27/08/1998 (25),183cm,Manchester City,Midfielder,53.0,1.0,3.0,,
Roshaun Mathurin,England,23/01/2004 (20),,Crystal Palace,Forward,0.0,0.0,0.0,,
Joël Matip,Cameroon,08/08/1991,195cm,,Defender,150.0,9.0,5.0,54.0,
Alex Matos,England,03/10/2004 (19),,Huddersfield Town,Forward,1.0,0.0,0.0,,
Matthew Craig,Scotland,16/04/2003,,,Midfielder,1.0,0.0,0.0,,
Remi Matthews,England,10/02/1994 (30),184cm,Crystal Palace,Goalkeeper,1.0,0.0,0.0,0.0,
Matty Longstaff,England,21/03/2000,,,Midfielder,14.0,2.0,0.0,,
Neal Maupay,France,14/08/1996 (27),173cm,Everton,Forward,160.0,33.0,10.0,,
Mauro Bandeira,Portugal,18/11/2003,178cm,,Midfielder,0.0,0.0,0.0,,
Konstantinos Mavropanos,Greece,11/12/1997 (26),194cm,West Ham United,Defender,26.0,1.0,0.0,4.0,
Adrian Mazilu,Romania,13/09/2005 (18),186cm,Brighton & Hove Albion,Forward,0.0,0.0,0.0,,
Kevin Mbabu,Switzerland,19/04/1995 (29),184cm,Fulham,Defender,9.0,0.0,1.0,0.0,
Loïc Mbe Soh,France,13/06/2001,186cm,,Defender,0.0,0.0,0.0,0.0,
Bryan Mbeumo,Cameroon,07/08/1999 (24),173cm,Brentford,Midfielder,98.0,22.0,21.0,,
Sean McAllister,Northern Ireland,15/09/2002,,,Midfielder,0.0,0.0,0.0,,
James McArthur,Scotland,07/10/1987,178cm,,Midfielder,323.0,23.0,23.0,,
John McAtee,England,23/07/1999,180cm,,Forward,0.0,0.0,0.0,,
Oliver McBurnie,Scotland,04/06/1996,188cm,,Forward,96.0,13.0,4.0,,
James McConnell,England,13/09/2004,,,Midfielder,3.0,0.0,0.0,,
Delano McCoy-Splatt,Jamaica,11/10/2004,,,Midfielder,0.0,0.0,0.0,,
Jamie McDonnell,Northern Ireland,16/02/2004 (20),,Nottingham Forest,Midfielder,0.0,0.0,0.0,,
Callum McFarlane,England,08/09/2003,,,Forward,0.0,0.0,0.0,,
Tom McGill,Canada,25/03/2000,185cm,,Goalkeeper,0.0,0.0,0.0,0.0,
John McGinn,Scotland,18/10/1994 (29),178cm,Aston Villa,Midfielder,169.0,16.0,19.0,,
Callan McKenna,Scotland,22/12/2006,,,Goalkeeper,0.0,0.0,0.0,0.0,
Luke McNally,Ireland,20/09/1999,184cm,,Defender,0.0,0.0,0.0,0.0,
Dwight McNeil,England,22/11/1999 (24),183cm,Everton,Forward,205.0,17.0,26.0,,
Charlie McNeill,England,09/09/2003,,,Forward,0.0,0.0,0.0,,
Hannibal Mejbri,Tunisia,21/01/2003 (21),177cm,Sevilla,Midfielder,8.0,1.0,0.0,,
Édouard Mendy,Senegal,01/03/1992,194cm,,Goalkeeper,75.0,0.0,0.0,31.0,
Teden Mengi,England,30/04/2002,183cm,,Defender,30.0,1.0,0.0,1.0,
Max Merrick,England,10/11/2005,,,Goalkeeper,0.0,0.0,0.0,0.0,
Jenson Metcalfe,England,06/09/2004 (19),,Everton,Midfielder,0.0,0.0,0.0,,
Alex Mighten,England,11/04/2002 (22),172cm,Port Vale,Forward,1.0,0.0,0.0,,
Luka Milivojevic,Serbia,07/04/1991,186cm,,Midfielder,183.0,28.0,5.0,,
Stanley Mills,England,25/10/2003,,,Midfielder,0.0,0.0,0.0,,
Yerry Mina,Colombia,23/09/1994,195cm,,Defender,86.0,7.0,1.0,15.0,
Yankuba Minteh,Gambia,22/07/2004 (20),180cm,Brighton & Hove Albion,Forward,0.0,0.0,0.0,,
Tyrick Mitchell,England,01/09/1999 (24),175cm,Crystal Palace,Defender,132.0,3.0,8.0,30.0,
Kaoru Mitoma,Japan,20/05/1997 (27),178cm,Brighton & Hove Albion,Midfielder,52.0,10.0,9.0,,
Aleksandar Mitrovic,Serbia,16/09/1994,189cm,,Forward,129.0,38.0,11.0,,
Jakub Moder,Poland,07/04/1999 (25),188cm,Brighton & Hove Albion,Midfielder,57.0,0.0,3.0,,
Mohamed Elneny,Egypt,11/07/1992,179cm,,Midfielder,91.0,1.0,5.0,,
Mohamed Salah,Egypt,15/06/1992 (32),175cm,Liverpool,Forward,263.0,157.0,69.0,,
Moisés Caicedo,Ecuador,02/11/2001 (22),178cm,Chelsea,Midfielder,80.0,3.0,5.0,,
Gonzalo Montiel,Argentina,01/01/1997,175cm,,Defender,14.0,0.0,2.0,0.0,
Kieffer Moore,Wales,08/08/1992,196cm,,Forward,35.0,5.0,0.0,,
Andrew Moran,Ireland,15/10/2003 (20),177cm,Blackburn Rovers,Midfielder,1.0,0.0,0.0,,
Álex Moreno,Spain,08/06/1993 (31),179cm,Aston Villa,Defender,40.0,2.0,3.0,6.0,
Carlton Morris,England,16/12/1995,185cm,,Forward,38.0,11.0,4.0,,
Tyler Morton,England,31/10/2002 (21),185cm,Hull City,Midfielder,2.0,0.0,0.0,,
Yerson Mosquera,Colombia,02/05/2001 (23),187cm,Villarreal,Defender,0.0,0.0,0.0,0.0,
Louie Moulden,England,06/01/2002,190cm,,Goalkeeper,0.0,0.0,0.0,0.0,
Mason Mount,England,10/01/1999 (25),181cm,Manchester United,Midfielder,143.0,28.0,22.0,,
Pelly Ruddock Mpanzu,DR Congo,22/03/1994,175cm,,Midfielder,27.0,0.0,0.0,,
Fabian Mrozek,Poland,28/09/2003,,,Goalkeeper,0.0,0.0,0.0,0.0,
Divin Mubama,England,25/10/2004,182cm,,Forward,8.0,0.0,0.0,,
Mykhailo Mudryk,Ukraine,05/01/2001 (23),175cm,Chelsea,Midfielder,46.0,5.0,4.0,,
Marqes Muir,England,21/09/2002,,,Defender,0.0,0.0,0.0,0.0,
Romaine Mundle,England,24/04/2003,,,Midfielder,0.0,0.0,0.0,,
Daniel Muñoz,Colombia,26/05/1996 (28),180cm,Crystal Palace,Defender,16.0,0.0,4.0,4.0,
Finley Munroe,England,08/02/2005,,,Defender,1.0,0.0,0.0,0.0,
Arijanet Muric,Kosovo,07/11/1998 (25),198cm,Ipswich Town,Goalkeeper,10.0,0.0,0.0,0.0,
Murillo,Brazil,04/07/2002 (22),180cm,Nottingham Forest,Defender,32.0,0.0,2.0,3.0,
Harrison Murray-Campbell,England,04/08/2006,184cm,,Defender,0.0,0.0,0.0,0.0,
Mateusz Musialowski,Poland,16/10/2003,175cm,,Forward,0.0,0.0,0.0,,
Admiral Muskwe,Zimbabwe,21/08/1998,183cm,,Forward,0.0,0.0,0.0,,
Vitalii Mykolenko,Ukraine,29/05/1999 (25),180cm,Everton,Defender,75.0,3.0,0.0,19.0,
Marvelous Nakamba,Zimbabwe,19/01/1994,178cm,,Midfielder,71.0,0.0,0.0,,
Amara Nallo,England,18/11/2006 (17),,Liverpool,Midfielder,0.0,0.0,0.0,,
Keylor Navas,Costa Rica,15/12/1986,185cm,,Goalkeeper,17.0,0.0,0.0,1.0,
Iliman Ndiaye,Senegal,06/03/2000 (24),180cm,Everton,Forward,1.0,0.0,0.0,,
Michael Ndiweni,England,02/12/2003 (20),,Newcastle United,Forward,1.0,0.0,0.0,,
Tanguy Ndombélé,France,28/12/1996,181cm,,Midfielder,63.0,6.0,5.0,,
Kosta Nedeljkovic,Serbia,16/12/2005,,,Defender,0.0,0.0,0.0,0.0,
Reiss Nelson,England,10/12/1999 (24),175cm,Arsenal,Forward,49.0,4.0,2.0,,
Nélson Semedo,Portugal,16/11/1993 (30),177cm,Wolverhampton Wanderers,Defender,131.0,1.0,4.0,25.0,
Neto,Brazil,19/07/1989 (35),190cm,Bournemouth,Goalkeeper,59.0,0.0,0.0,13.0,
Josh Neufville,England,22/03/2001,,,Forward,0.0,0.0,0.0,,
Moussa Niakhaté,Senegal,08/03/1996,190cm,,Defender,35.0,1.0,0.0,2.0,
Eddie Nketiah,England,30/05/1999 (25),175cm,Arsenal,Forward,116.0,19.0,5.0,,
Christopher Nkunku,France,14/11/1997 (26),178cm,Chelsea,Forward,11.0,3.0,0.0,,
Noha Lemina,Gabon,17/06/2005,,,Midfielder,0.0,0.0,0.0,,
Rhys Norrington-Davies,Wales,22/04/1999,181cm,,Defender,5.0,0.0,0.0,0.0,
Oliver Norwood,Northern Ireland,12/04/1991,180cm,,Midfielder,97.0,2.0,1.0,,
Darwin Núñez,Uruguay,24/06/1999 (25),187cm,Liverpool,Forward,65.0,20.0,11.0,,
Nuno Tavares,Portugal,26/01/2000,183cm,,Defender,30.0,1.0,1.0,4.0,
Ethan Nwaneri,England,21/03/2007 (17),176cm,Arsenal,Midfielder,2.0,0.0,0.0,,
Trey Nyoni,England,30/06/2007 (17),,Liverpool,Midfielder,0.0,0.0,0.0,,
Christian Nørgaard,Denmark,10/03/1994 (30),187cm,Brentford,Midfielder,88.0,6.0,8.0,,
Jake O'Brien,Ireland,15/05/2001 (23),197cm,Everton,Defender,0.0,0.0,0.0,0.0,
Tommi O'Reilly,England,15/12/2003,170cm,,Midfielder,0.0,0.0,0.0,,
Dara O'Shea,Ireland,04/03/1999,188cm,,Defender,61.0,3.0,4.0,4.0,
Michael Obafemi,Ireland,06/07/2000,169cm,,Forward,34.0,4.0,3.0,,
Wilson Odobert,France,28/11/2004,182cm,,Forward,29.0,3.0,2.0,,
Idris Odutayo,England,26/10/2002,,,Defender,0.0,0.0,0.0,0.0,
Odeluga Offiah,England,26/10/2002 (21),181cm,Brighton & Hove Albion,Defender,6.0,0.0,0.0,0.0,
Chiedozie Ogbene,Ireland,01/05/1997,181cm,,Forward,30.0,4.0,1.0,,
Angelo Ogbonna,Italy,23/05/1988,191cm,,Defender,201.0,8.0,1.0,45.0,
Habeeb Ogunneye,England,12/11/2005 (18),,Manchester United,Defender,0.0,0.0,0.0,0.0,
Braian Ojeda,Paraguay,27/06/2000,172cm,,Midfielder,0.0,0.0,0.0,,
Temple Ojinnaka,England,30/03/2005 (19),,Wolverhampton Wanderers,Midfielder,0.0,0.0,0.0,,
Wes Okoduwa,England,12/05/2008 (16),,Wolverhampton Wanderers,Defender,0.0,0.0,0.0,0.0,
Ferdinand Okoh,England,03/06/2004,171cm,,Midfielder,0.0,0.0,0.0,,
Arthur Okonkwo,England,09/09/2001,198cm,,Goalkeeper,0.0,0.0,0.0,0.0,
Ademola Ola-Adebomi,England,03/09/2003,,,Forward,0.0,0.0,0.0,,
Michael Olakigbe,England,25/04/2004,,,Midfielder,8.0,0.0,0.0,,
Michael Olise,France,12/12/2001,184cm,,Midfielder,82.0,14.0,22.0,,
Robin Olsen,Sweden,08/01/1990 (34),198cm,Aston Villa,Goalkeeper,17.0,0.0,0.0,3.0,
Andrew Omobamidele,Ireland,23/06/2002 (22),188cm,Nottingham Forest,Defender,16.0,1.0,0.0,0.0,
Amadou Onana,Belgium,16/08/2001 (22),195cm,Aston Villa,Midfielder,63.0,3.0,2.0,,
Ryan Oné,Scotland,26/06/2006,,,Midfielder,1.0,0.0,0.0,,
Tyler Onyango,England,04/03/2003 (21),190cm,Everton,Midfielder,,,,,
Fred Onyedinma,Nigeria,24/11/1996,185cm,,Midfielder,8.0,0.0,0.0,,
Frank Onyeka,Nigeria,01/01/1998 (26),183cm,Brentford,Midfielder,67.0,1.0,4.0,,
Lewis Orford,England,18/02/2006,,,Midfielder,0.0,0.0,0.0,,
Divock Origi,Belgium,18/04/1995,185cm,,Forward,127.0,22.0,7.0,,
Stefan Ortega,Germany,06/11/1992 (31),185cm,Manchester City,Goalkeeper,12.0,0.0,0.0,3.0,
Ben Osborn,England,05/08/1994,176cm,,Midfielder,61.0,1.0,2.0,,
Gabriel Osho,Nigeria,14/08/1998,185cm,,Defender,21.0,2.0,0.0,2.0,
Detlef Esapa Osong,England,21/09/2004,,,Forward,0.0,0.0,0.0,,
William Osula,Denmark,04/08/2003,180cm,,Forward,21.0,0.0,0.0,,
Jonny Otto,Spain,03/03/1994,175cm,,Defender,107.0,6.0,3.0,20.0,
Dango Ouattara,Burkina Faso,11/02/2002 (22),177cm,Bournemouth,Forward,49.0,2.0,5.0,,
Maxi Oyedele,Poland,07/11/2004 (19),,,Midfielder,0.0,0.0,0.0,,
David Ozoh,England,06/05/2005,,,Midfielder,10.0,0.0,0.0,,
Cole Palmer,England,06/05/2002 (22),189cm,Chelsea,Midfielder,52.0,22.0,12.0,,
Jonathan Panzo,England,25/10/2000,185cm,,Defender,0.0,0.0,0.0,0.0,
Stefan Parkes,England,28/03/2004,,,Defender,0.0,0.0,0.0,0.0,
Ben Parkinson,England,10/03/2005 (19),,Newcastle United,Forward,1.0,0.0,0.0,,
Troy Parrott,Ireland,04/02/2002,185cm,,Forward,2.0,0.0,0.0,,
Thomas Partey,Ghana,13/06/1993 (31),185cm,Arsenal,Midfielder,95.0,5.0,3.0,,
Maksim Paskotsi,Estonia,19/01/2003,188cm,,Defender,0.0,0.0,0.0,0.0,
Travis Patterson,England,06/10/2005,,,Midfielder,0.0,0.0,0.0,,
Ben Pearson,England,04/01/1995,176cm,,Midfielder,7.0,0.0,0.0,,
Myles Peart-Harris,England,18/09/2002 (21),187cm,Portsmouth,Midfielder,3.0,0.0,0.0,,
Sydie Peck,England,13/09/2004,173cm,,Midfielder,1.0,0.0,0.0,,
Pedro Neto,Portugal,09/03/2000 (24),172cm,Wolverhampton Wanderers,Forward,111.0,11.0,19.0,,
Facundo Pellistri,Uruguay,20/12/2001 (22),175cm,Manchester United,Midfielder,13.0,0.0,1.0,,
Nicolas Pépé,Cote D’Ivoire,29/05/1995,183cm,,Forward,80.0,16.0,9.0,,
Aribim Pepple,Canada,25/12/2002,185cm,,Forward,0.0,0.0,0.0,,
Dion Pereira,Antigua & Barbuda,25/03/1999,180cm,,Midfielder,2.0,0.0,0.0,,
Ivan Perisic,Croatia,02/02/1989,186cm,,Forward,39.0,1.0,9.0,,
Máximo Perrone,Argentina,07/01/2003 (21),177cm,Las Palmas,Midfielder,1.0,0.0,0.0,,
Djordje Petrovic,Serbia,08/10/1999 (24),194cm,Chelsea,Goalkeeper,23.0,0.0,0.0,5.0,
Casey Pettit,England,15/10/2002,,,Midfielder,0.0,0.0,0.0,,
Cameron Peupion,Australia,23/09/2002 (21),175cm,Brighton & Hove Albion,Midfielder,1.0,0.0,0.0,,
Philippe Coutinho,Brazil,12/06/1992,172cm,,Midfielder,193.0,47.0,38.0,,
Killian Phillips,Ireland,30/03/2002 (22),,Crystal Palace,Midfielder,0.0,0.0,0.0,,
Jaden Philogene,England,08/02/2002 (22),181cm,Aston Villa,Forward,3.0,0.0,0.0,,
Axel Piesold,England,31/03/2005,,,Defender,0.0,0.0,0.0,0.0,
Ethan Pinnock,Jamaica,29/05/1993 (31),187cm,Brentford,Defender,91.0,6.0,1.0,22.0,
Cameron Plain,England,24/09/2001,,,Goalkeeper,0.0,0.0,0.0,0.0,
Luke Plange,England,04/11/2002,178cm,,Forward,0.0,0.0,0.0,,
Euan Pollock,England,03/10/2002,173cm,,Forward,0.0,0.0,0.0,,
Alfie Pond,England,01/03/2004,191cm,,Defender,0.0,0.0,0.0,0.0,
Pedro Porro,Spain,13/09/1999 (24),173cm,Tottenham Hotspur,Defender,50.0,6.0,10.0,6.0,
Dan Potts,England,13/04/1994,172cm,,Defender,2.0,0.0,0.0,0.0,
Josh Powell,England,09/01/2005,,,Midfielder,0.0,0.0,0.0,,
Aaron Pressley,Scotland,07/11/2001,189cm,,Forward,0.0,0.0,0.0,,
Isaac Price,Northern Ireland,26/09/2003,178cm,,Midfielder,2.0,0.0,0.0,,
Sam Proctor,England,21/12/2006,,,Goalkeeper,0.0,0.0,0.0,0.0,
Christian Pulisic,United States,18/09/1998,177cm,,Midfielder,98.0,20.0,9.0,,
Logan Pye,England,26/10/2003,,,Defender,0.0,0.0,0.0,,
Jarell Quansah,England,29/01/2003 (21),190cm,Liverpool,Defender,17.0,2.0,0.0,2.0,
Andrei Radu,Romania,28/05/1997,188cm,,Goalkeeper,2.0,0.0,0.0,0.0,
Jesurun Rak-Sakyi,England,05/10/2002 (21),178cm,Crystal Palace,Midfielder,8.0,0.0,0.0,,
Calvin Ramsay,Scotland,31/07/2003,177cm,,Defender,0.0,0.0,0.0,0.0,
Aaron Ramsdale,England,14/05/1998 (26),190cm,Arsenal,Goalkeeper,153.0,0.0,1.0,38.0,
Jacob Ramsey,England,28/05/2001 (23),180cm,Aston Villa,Midfielder,107.0,13.0,9.0,,
Marcus Rashford,England,31/10/1997 (26),180cm,Manchester United,Forward,272.0,83.0,39.0,,
David Raya,Spain,15/09/1995 (28),183cm,Arsenal,Goalkeeper,94.0,0.0,0.0,36.0,
Jadan Raymond,Wales,15/10/2003 (20),,Crystal Palace,Midfielder,0.0,0.0,0.0,,
Glen Rea,Ireland,03/09/1994,184cm,,Midfielder,0.0,0.0,0.0,,
Tim Ream,United States,05/10/1987 (36),183cm,Fulham,Defender,97.0,2.0,1.0,16.0,
Harrison Reed,England,27/01/1995 (29),181cm,Fulham,Midfielder,112.0,3.0,8.0,,
Sergio Reguilón,Spain,16/12/1996 (27),178cm,Tottenham Hotspur,Defender,77.0,2.0,10.0,16.0,
Renan Lodi,Brazil,08/04/1998,173cm,,Defender,28.0,0.0,1.0,3.0,
Sebastian Revan,England,14/07/2003,181cm,,Defender,0.0,0.0,0.0,0.0,
Giovanni Reyna,United States,13/11/2002,185cm,,Midfielder,9.0,0.0,1.0,,
Declan Rice,England,14/01/1999 (25),188cm,Arsenal,Midfielder,242.0,17.0,18.0,,
Dujuan Richards,Jamaica,10/11/2005,189cm,,Forward,0.0,0.0,0.0,,
Richarlison,Brazil,10/05/1997 (27),184cm,Tottenham Hotspur,Forward,228.0,60.0,23.0,,
Jairo Riedewald,Netherlands,09/09/1996,182cm,,Midfielder,80.0,2.0,0.0,,
Roberto Firmino,Brazil,02/10/1991,181cm,,Forward,256.0,82.0,50.0,,
Haydon Roberts,England,10/05/2002,175cm,,Defender,0.0,0.0,0.0,0.0,
Andy Robertson,Scotland,11/03/1994 (30),178cm,Liverpool,Defender,,,,,
Antonee Robinson,United States,08/08/1997 (26),183cm,Fulham,Defender,100.0,0.0,7.0,20.0,
Max Robson,England,17/10/2002,,,Midfielder,0.0,0.0,0.0,,
Kaden Rodney,England,07/10/2004 (19),,Crystal Palace,Midfielder,0.0,0.0,0.0,,
Joe Rodon,Wales,22/10/1997,193cm,,Defender,15.0,0.0,0.0,2.0,
Rodri,Spain,22/06/1996 (28),190cm,Manchester City,Midfielder,172.0,22.0,21.0,,
Rodrigo Muniz,Brazil,04/05/2001 (23),178cm,Fulham,Forward,26.0,9.0,1.0,,
Rodrigo Ribeiro,Portugal,28/04/2005,185cm,,Forward,4.0,0.0,0.0,,
Mads Roerslev,Denmark,24/06/1999 (25),184cm,Brentford,Defender,75.0,2.0,3.0,10.0,
Morgan Rogers,England,26/07/2002 (22),,Aston Villa,Forward,11.0,3.0,1.0,,
Cristian Romero,Argentina,27/04/1998 (26),185cm,Tottenham Hotspur,Defender,82.0,6.0,1.0,18.0,
Joe Rothwell,England,11/01/1995,185cm,,Midfielder,31.0,0.0,1.0,,
Rúben Dias,Portugal,14/05/1997 (27),187cm,Manchester City,Defender,117.0,3.0,4.0,43.0,
Rúben Neves,Portugal,13/03/1997,180cm,,Midfielder,177.0,21.0,9.0,,
Rúben Vinagre,Portugal,09/04/1999,174cm,,Defender,37.0,0.0,0.0,2.0,
Rúnar Rúnarsson,Iceland,18/02/1995,186cm,,Goalkeeper,1.0,0.0,0.0,0.0,
Carl Rushworth,England,02/07/2001 (23),,Swansea City,Goalkeeper,0.0,0.0,0.0,0.0,
Marcel Sabitzer,Austria,17/03/1994,178cm,,Midfielder,11.0,0.0,1.0,,
Sai Sachdev,England,09/03/2005,,,Defender,0.0,0.0,0.0,0.0,
Dominic Sadi,England,02/09/2003,174cm,,Midfielder,1.0,0.0,0.0,,
Charles Sagoe Jr,England,24/07/2004 (20),,Arsenal,Forward,0.0,0.0,0.0,,
Allan Saint-Maximin,France,12/03/1997,173cm,,Forward,111.0,12.0,18.0,,
Bukayo Saka,England,05/09/2001 (22),178cm,Arsenal,Forward,170.0,47.0,35.0,,
William Saliba,France,24/03/2001 (23),192cm,Arsenal,Defender,65.0,4.0,2.0,29.0,
Albert Sambi Lokonga,Belgium,22/10/1999,173cm,,Midfielder,51.0,1.0,3.0,,
Imari Samuels,England,05/02/2003 (21),,Fleetwood Town,Defender,0.0,0.0,0.0,0.0,
Ishé Samuels-Smith,England,05/06/2006,186cm,,Defender,0.0,0.0,0.0,0.0,
Robert Sánchez,Spain,18/11/1997 (26),197cm,Chelsea,Goalkeeper,103.0,0.0,0.0,30.0,
Jadon Sancho,England,25/03/2000 (24),180cm,Manchester United,Forward,58.0,9.0,6.0,,
Dion Sanderson,England,15/12/1999,188cm,,Defender,0.0,0.0,0.0,0.0,
Ibrahim Sangaré,Cote D’Ivoire,02/12/1997 (26),191cm,Nottingham Forest,Midfielder,17.0,0.0,0.0,,
Morgan Sanson,France,18/08/1994,180cm,,Midfielder,21.0,0.0,0.0,,
Yago Santiago,Spain,15/04/2003,180cm,,Forward,0.0,0.0,0.0,,
Pablo Sarabia,Spain,11/05/1992 (32),174cm,Wolverhampton Wanderers,Midfielder,43.0,5.0,7.0,,
Matija Sarkic,Montenegro,23/07/1997,192cm,,Goalkeeper,0.0,0.0,0.0,0.0,
Jeremy Sarmiento,Ecuador,16/06/2002 (22),178cm,Brighton & Hove Albion,Forward,14.0,0.0,1.0,,
Malang Sarr,France,23/01/1999,183cm,,Defender,8.0,0.0,0.0,2.0,
Dovydas Sasnauskas,Lithuania,16/01/2007,,,Defender,0.0,0.0,0.0,0.0,
Dan Sassi,England,08/12/2003,,,Defender,0.0,0.0,0.0,0.0,
Charlie Savage,Wales,02/05/2003,,,Midfielder,0.0,0.0,0.0,,
Charlie Sayers,England,29/03/2004,,,Defender,0.0,0.0,0.0,0.0,
Gianluca Scamacca,Italy,01/01/1999,196cm,,Forward,16.0,3.0,0.0,,
Calum Scanlon,England,14/02/2005,,,Defender,0.0,0.0,0.0,0.0,
Ollie Scarles,England,12/12/2005,,,Defender,0.0,0.0,0.0,,
Dane Scarlett,England,24/03/2004 (20),180cm,Tottenham Hotspur,Forward,6.0,0.0,0.0,,
Kevin Schade,Germany,27/11/2001 (22),183cm,Brentford,Midfielder,29.0,2.0,2.0,,
Fabian Schär,Switzerland,20/12/1991 (32),186cm,Newcastle United,Defender,161.0,14.0,7.0,39.0,
Kjell Scherpen,Netherlands,23/01/2000,204cm,,Goalkeeper,0.0,0.0,0.0,0.0,
Alex Scott,England,21/08/2003 (20),178cm,Bournemouth,Midfielder,23.0,1.0,1.0,,
Kristian Sekularac,Switzerland,07/12/2003,,,Midfielder,0.0,0.0,0.0,,
Matz Sels,Belgium,26/02/1992 (32),188cm,Nottingham Forest,Goalkeeper,16.0,0.0,0.0,1.0,
Antoine Semenyo,Ghana,07/01/2000 (24),185cm,Bournemouth,Forward,44.0,9.0,2.0,,
Marcos Senesi,Argentina,10/05/1997 (27),185cm,Bournemouth,Defender,62.0,6.0,5.0,8.0,
Femi Seriki,England,28/04/2002,183cm,,Defender,1.0,0.0,0.0,0.0,
Steven Sessegnon,England,18/05/2000,175cm,,Defender,0.0,0.0,0.0,0.0,
Teddy Sharman-Lowe,England,30/03/2003,189cm,,Goalkeeper,0.0,0.0,0.0,0.0,
James Shea,England,16/06/1991,185cm,,Goalkeeper,1.0,0.0,0.0,0.0,
George Shelvey,England,22/04/2001,188cm,,Goalkeeper,0.0,0.0,0.0,0.0,
Shola Shoretire,England,02/02/2004,170cm,,Forward,3.0,0.0,0.0,,
Ellis Simms,England,05/01/2001,191cm,,Forward,12.0,1.0,0.0,,
Kamarai Simon-Swyer,England,04/12/2002 (21),,West Ham United,Forward,0.0,0.0,0.0,,
Viljami Sinisalo,Finland,11/10/2001,196cm,,Goalkeeper,0.0,0.0,0.0,0.0,
Luis Sinisterra,Colombia,17/06/1999 (25),172cm,Bournemouth,Forward,39.0,7.0,2.0,,
Oliver Skipp,England,16/09/2000 (23),175cm,Tottenham Hotspur,Midfielder,77.0,1.0,0.0,,
Gabriel Slonina,United States,15/05/2004 (20),193cm,Chelsea,Goalkeeper,0.0,0.0,0.0,0.0,
Matt Smith,England,05/10/2000,176cm,,Midfielder,0.0,0.0,0.0,,
Emile Smith Rowe,England,28/07/2000 (24),182cm,Fulham,Midfielder,80.0,12.0,9.0,,
Manor Solomon,Israel,24/07/1999 (25),170cm,Tottenham Hotspur,Forward,24.0,4.0,2.0,,
Son Heung-Min,South Korea,08/07/1992 (32),183cm,Tottenham Hotspur,Forward,303.0,120.0,62.0,,
Tomás Soucek,Czech Republic,27/02/1995 (29),192cm,West Ham United,Midfielder,159.0,27.0,7.0,,
Lino Sousa,England,19/01/2005,185cm,,Defender,0.0,0.0,0.0,0.0,
Djed Spence,England,09/08/2000 (23),185cm,Tottenham Hotspur,Defender,4.0,0.0,0.0,0.0,
Jay Stansfield,England,24/11/2002 (21),,Birmingham City,Forward,3.0,0.0,0.0,,
Joseph Starbuck,England,03/08/2002,,,Defender,0.0,0.0,0.0,0.0,
Zack Steffen,United States,02/04/1995,191cm,,Goalkeeper,2.0,0.0,0.0,1.0,
Finley Stevens,Wales,10/04/2003,179cm,,Defender,1.0,0.0,0.0,0.0,
Layton Stewart,England,03/09/2002,,,Forward,0.0,0.0,0.0,,
Thomas Strakosha,Albania,19/03/1995,186cm,,Goalkeeper,2.0,0.0,0.0,0.0,
Zak Sturge,England,15/06/2004,,,Defender,0.0,0.0,0.0,0.0,
Ronnie Stutter,England,06/01/2005 (19),,Chelsea,Forward,0.0,0.0,0.0,,
Sam Surridge,England,28/07/1998,191cm,,Forward,26.0,1.0,0.0,,
Mahamadou Susoho,Spain,20/01/2005 (19),175cm,Manchester City,Midfielder,0.0,0.0,0.0,,
James Sweet,Wales,03/11/2003,,,Defender,0.0,0.0,0.0,0.0,
Sil Swinkels,Netherlands,06/01/2004,190cm,,Defender,0.0,0.0,0.0,0.0,
Dominik Szoboszlai,Hungary,25/10/2000 (23),186cm,Liverpool,Midfielder,33.0,3.0,2.0,,
Japhet Tanganga,England,31/03/1999,184cm,,Defender,27.0,0.0,0.0,7.0,
Devan Tanton,Colombia,03/01/2004,176cm,,Defender,0.0,0.0,0.0,0.0,
Yehor Yarmoliuk,Ukraine,01/03/2004 (20),180cm,Brentford,Midfielder,27.0,0.0,0.0,,
Ryan Yates,England,21/11/1997 (26),190cm,Nottingham Forest,Midfielder,61.0,1.0,3.0,,
Nathan Young-Coombes,England,15/01/2003,175cm,,Forward,1.0,0.0,0.0,,
Youssef Chermiti,Portugal,24/05/2004 (20),192cm,Everton,Forward,18.0,0.0,0.0,,
Illia Zabarnyi,Ukraine,01/09/2002 (21),189cm,Bournemouth,Defender,42.0,1.0,0.0,8.0,
Denis Zakaria,Switzerland,20/11/1996,191cm,,Midfielder,7.0,0.0,0.0,,
Nicolò Zaniolo,Italy,02/07/1999,190cm,,Midfielder,25.0,2.0,0.0,,
Zanka,Denmark,23/04/1990 (34),191cm,Brentford,Defender,102.0,5.0,3.0,20.0,
Anass Zaroury,Morocco,07/11/2000,176cm,,Forward,6.0,0.0,0.0,,
Jordan Zemura,Zimbabwe,14/11/1999,173cm,,Defender,19.0,0.0,1.0,3.0,
Andi Zeqiri,Switzerland,22/06/1999,185cm,,Forward,9.0,0.0,0.0,,
Zidane Iqbal,Iraq,27/04/2003,181cm,,Midfielder,0.0,0.0,0.0,,
Oleksandr Zinchenko,Ukraine,15/12/1996 (27),175cm,Arsenal,Defender,130.0,2.0,11.0,34.0,
Hakim Ziyech,Morocco,19/03/1993,180cm,,Midfielder,64.0,6.0,9.0,,
Kurt Zouma,France,27/10/1994 (29),190cm,West Ham United,Defender,247.0,15.0,4.0,59.0,
Oliwier Zych,Poland,28/06/2004,193cm,,Goalkeeper,0.0,0.0,0.0,0.0,
Martin Ødegaard,Norway,17/12/1998 (25),178cm,Arsenal,Midfielder,122.0,31.0,23.0,,
Nathan Aké,Netherlands,18/02/1995 (29),180cm,Manchester City,Defender,225.0,18.0,8.0,49.0,
Dele Alli,England,11/04/1996,188cm,,Midfielder,194.0,51.0,34.0,,
Andreas Pereira,Brazil,01/01/1996 (28),178cm,Fulham,Midfielder,115.0,9.0,17.0,,
Michail Antonio,Jamaica,28/03/1990 (34),180cm,West Ham United,Forward,254.0,67.0,32.0,,
Harry Arter,Ireland,28/12/1989,176cm,,Midfielder,94.0,3.0,5.0,,
Ross Barkley,England,05/12/1993 (30),189cm,Aston Villa,Midfielder,264.0,34.0,32.0,,
Ashley Barnes,England,30/10/1989,186cm,,Forward,200.0,42.0,6.0,,
Asmir Begovic,Bosnia & Herzegovina,20/06/1987,199cm,,Goalkeeper,256.0,1.0,0.0,63.0,
Jean-Ricner Bellegarde,France,27/06/1998 (26),170cm,Wolverhampton Wanderers,Midfielder,22.0,2.0,1.0,,
Rhys Bennett,England,30/10/2003 (20),,,Defender,0.0,0.0,0.0,0.0,
Mads Bidstrup,Denmark,25/02/2001,175cm,,Midfielder,4.0,0.0,0.0,,
Billy Blacker,England,25/05/2006,,,Forward,0.0,0.0,0.0,,
Alex Borto,United States,06/11/2003,188cm,,Goalkeeper,0.0,0.0,0.0,0.0,
Sergi Canós,Spain,02/02/1997,177cm,,Midfielder,37.0,3.0,2.0,,
Scott Carson,England,03/09/1985 (38),188cm,Manchester City,Goalkeeper,146.0,0.0,2.0,30.0,
Cesare Casadei,Italy,10/01/2003 (21),186cm,Chelsea,Midfielder,11.0,0.0,0.0,,
Timothy Castagne,Belgium,05/12/1995 (28),185cm,Fulham,Defender,125.0,6.0,9.0,25.0,
Kallum Cesay,Sierra Leone,04/09/2002,,,Defender,0.0,0.0,0.0,0.0,
Darko Churlinov,North Macedonia,11/07/2000,171cm,,Forward,0.0,0.0,0.0,,
Bobby Clark,England,07/02/2005 (19),178cm,Liverpool,Midfielder,6.0,0.0,0.0,,
Nathaniel Clyne,England,05/04/1991 (33),175cm,Crystal Palace,Defender,255.0,4.0,12.0,66.0,
Theo Corbeanu,Canada,17/05/2002,190cm,,Forward,1.0,0.0,0.0,,
Vladimír Coufal,Czech Republic,22/08/1992 (31),174cm,West Ham United,Defender,125.0,0.0,19.0,19.0,
Craig Dawson,England,06/05/1990 (34),188cm,Wolverhampton Wanderers,Defender,288.0,21.0,5.0,64.0,
Issa Diop,France,09/01/1997 (27),194cm,Fulham,Defender,139.0,7.0,2.0,26.0,
Nicolás Domínguez,Argentina,28/06/1998 (26),179cm,Nottingham Forest,Midfielder,26.0,2.0,2.0,,
Douglas Luiz,Brazil,09/05/1998,175cm,,Midfielder,175.0,20.0,18.0,,
Flynn Downes,England,20/01/1999 (25),173cm,Southampton,Midfielder,21.0,0.0,0.0,,
Tommy Doyle,England,17/10/2001 (22),172cm,Wolverhampton Wanderers,Midfielder,,,,,
Martin Dúbravka,Slovakia,15/01/1989 (35),190cm,Newcastle United,Goalkeeper,152.0,0.0,0.0,41.0,
Joshua Duffus,England,15/12/2004,,,Forward,0.0,0.0,0.0,,
Harvey Elliott,England,04/04/2003 (21),170cm,Liverpool,Midfielder,76.0,4.0,8.0,,
Emiliano Martínez,Argentina,02/09/1992 (31),195cm,Aston Villa,Goalkeeper,159.0,0.0,0.0,51.0,
Fábio Vieira,Portugal,30/05/2000 (24),170cm,Arsenal,Midfielder,33.0,2.0,4.0,,
Malachi Fagan-Walcott,England,11/03/2002,,,Defender,0.0,0.0,0.0,0.0,
Romain Faivre,France,14/07/1998 (26),180cm,Bournemouth,Midfielder,5.0,0.0,0.0,,
Will Fish,England,17/02/2003 (21),185cm,Manchester United,Defender,1.0,0.0,0.0,0.0,
Mark Flekken,Netherlands,13/06/1993 (31),195cm,Brentford,Goalkeeper,37.0,0.0,1.0,7.0,
Tariqe Fosu-Henry,Ghana,05/11/1995,180cm,,Midfielder,1.0,0.0,0.0,,
Gabriel Martinelli,Brazil,18/06/2001 (23),178cm,Arsenal,Forward,128.0,32.0,16.0,,
Alejandro Garnacho,Argentina,01/07/2004 (20),180cm,Manchester United,Forward,57.0,10.0,6.0,,
Jean-Philippe Gbamin,Cote D’Ivoire,25/09/1995,186cm,,Midfielder,6.0,0.0,0.0,,
Seán Grehan,Ireland,08/01/2004 (20),,Carlisle United,Defender,0.0,0.0,0.0,0.0,
Gustavo Hamer,Netherlands,24/06/1997,169cm,,Midfielder,36.0,4.0,6.0,,
Micah Hamilton,England,13/11/2003 (20),,Manchester City,Midfielder,0.0,0.0,0.0,,
Oliver Hammond,Wales,13/11/2002,,,Midfielder,0.0,0.0,0.0,,
Rico Henry,England,08/07/1997 (27),170cm,Brentford,Defender,76.0,3.0,3.0,17.0,
Owen Hesketh,Wales,10/10/2002,,,Midfielder,0.0,0.0,0.0,,
Joe Hodge,Ireland,14/09/2002 (21),172cm,Wolverhampton Wanderers,Midfielder,6.0,0.0,0.0,,
Tim Iroegbunam,England,30/06/2003 (21),183cm,Everton,Midfielder,12.0,0.0,0.0,,
Jamie Miley,England,14/01/2004 (20),,Newcastle United,Midfielder,0.0,0.0,0.0,,
Naby Keïta,Guinea,10/02/1995,172cm,,Midfielder,84.0,7.0,5.0,,
Lloyd Kelly,England,06/10/1998 (25),178cm,Newcastle United,Defender,54.0,0.0,3.0,10.0,
Kacper Kozlowski,Poland,16/10/2003,182cm,,Midfielder,0.0,0.0,0.0,,
Tim Krul,Netherlands,03/04/1988,188cm,,Goalkeeper,222.0,0.0,2.0,51.0,
Mohammed Kudus,Ghana,02/08/2000 (24),177cm,West Ham United,Midfielder,33.0,8.0,6.0,,
Adam Lallana,England,10/05/1988 (36),172cm,Southampton,Midfielder,291.0,33.0,32.0,,
Tariq Lamptey,Ghana,30/09/2000 (23),163cm,Brighton & Hove Albion,Defender,89.0,1.0,7.0,5.0,
Jefferson Lerma,Colombia,25/10/1994 (29),179cm,Crystal Palace,Midfielder,128.0,9.0,3.0,,
Marcel Lewis,England,30/09/2001,,,Midfielder,0.0,0.0,0.0,,
Lisandro Martínez,Argentina,18/01/1998 (26),175cm,Manchester United,Defender,38.0,1.0,1.0,8.0,
Sasa Lukic,Serbia,13/08/1996 (27),183cm,Fulham,Midfielder,36.0,1.0,0.0,,
Noni Madueke,England,10/03/2002 (22),176cm,Chelsea,Forward,35.0,6.0,2.0,,
Harry Maguire,England,05/03/1993 (31),194cm,Manchester United,Defender,241.0,13.0,10.0,60.0,
Han-Noah Massengo,France,07/07/2001,178cm,,Midfielder,3.0,0.0,0.0,0.0,
Mateo Mejia,Spain,31/03/2003,,,Forward,0.0,0.0,0.0,,
Remi Matthews,England,10/02/1994 (30),184cm,Crystal Palace,Goalkeeper,1.0,0.0,0.0,0.0,
Kevin Mbabu,Switzerland,19/04/1995 (29),184cm,Fulham,Defender,9.0,0.0,1.0,0.0,
Stanley Mills,England,25/10/2003,,,Midfielder,0.0,0.0,0.0,,
Jakub Moder,Poland,07/04/1999 (25),188cm,Brighton & Hove Albion,Midfielder,57.0,0.0,3.0,,
Andrew Moran,Ireland,15/10/2003 (20),177cm,Blackburn Rovers,Midfielder,1.0,0.0,0.0,,
Pelly Ruddock Mpanzu,DR Congo,22/03/1994,175cm,,Midfielder,27.0,0.0,0.0,,
Admiral Muskwe,Zimbabwe,21/08/1998,183cm,,Forward,0.0,0.0,0.0,,
Michael Ndiweni,England,02/12/2003 (20),,Newcastle United,Forward,1.0,0.0,0.0,,
Moussa Niakhaté,Senegal,08/03/1996,190cm,,Defender,35.0,1.0,0.0,2.0,
Oliver Norwood,Northern Ireland,12/04/1991,180cm,,Midfielder,97.0,2.0,1.0,,
Trey Nyoni,England,30/06/2007 (17),,Liverpool,Midfielder,0.0,0.0,0.0,,
Dara O'Shea,Ireland,04/03/1999,188cm,,Defender,61.0,3.0,4.0,4.0,
Angelo Ogbonna,Italy,23/05/1988,191cm,,Defender,201.0,8.0,1.0,45.0,
Facundo Pellistri,Uruguay,20/12/2001 (22),175cm,Manchester United,Midfielder,13.0,0.0,1.0,,
Nicolas Pépé,Cote D’Ivoire,29/05/1995,183cm,,Forward,80.0,16.0,9.0,,
Máximo Perrone,Argentina,07/01/2003 (21),177cm,Las Palmas,Midfielder,1.0,0.0,0.0,,
Jaden Philogene,England,08/02/2002 (22),181cm,Aston Villa,Forward,3.0,0.0,0.0,,
Axel Piesold,England,31/03/2005,,,Defender,0.0,0.0,0.0,0.0,
Rodrigo Ribeiro,Portugal,28/04/2005,185cm,,Forward,4.0,0.0,0.0,,
Kjell Scherpen,Netherlands,23/01/2000,204cm,,Goalkeeper,0.0,0.0,0.0,0.0,
Kristian Sekularac,Switzerland,07/12/2003,,,Midfielder,0.0,0.0,0.0,,
George Shelvey,England,22/04/2001,188cm,,Goalkeeper,0.0,0.0,0.0,0.0,
Junior Stanislas,England,26/11/1989,183cm,,Midfielder,144.0,26.0,14.0,,
Raheem Sterling,England,08/12/1994 (29),172cm,Chelsea,Forward,379.0,123.0,63.0,,
James Tarkowski,England,19/11/1992 (31),185cm,Everton,Defender,270.0,9.0,7.0,74.0,
Kenny Tete,Netherlands,09/10/1995 (28),180cm,Fulham,Defender,67.0,2.0,6.0,11.0,
Sandro Tonali,Italy,08/05/2000 (24),181cm,Newcastle United,Midfielder,8.0,1.0,0.0,,
Bertrand Traoré,Burkina Faso,06/09/1995,181cm,,Forward,65.0,11.0,7.0,,
Auston Trusty,United States,12/08/1998,191cm,,Defender,32.0,0.0,0.0,1.0,
Louie Watson,Ireland,07/06/2001,,,Midfielder,0.0,0.0,0.0,,
Wesley,Brazil,24/11/1996,191cm,,Forward,25.0,5.0,1.0,,
Josh Wilson-Esbrand,England,26/12/2002 (21),176cm,Manchester City,Defender,0.0,0.0,0.0,0.0,
Joe Worrall,England,10/01/1997 (27),193cm,Nottingham Forest,Defender,37.0,1.0,0.0,6.0,
James Wright,England,02/12/2004,,,Goalkeeper,0.0,0.0,0.0,0.0,
Yehor Yarmoliuk,Ukraine,01/03/2004 (20),180cm,Brentford,Midfielder,27.0,0.0,0.0,,
Ryan Yates,England,21/11/1997 (26),190cm,Nottingham Forest,Midfielder,61.0,1.0,3.0,,
Nathan Young-Coombes,England,15/01/2003,175cm,,Forward,1.0,0.0,0.0,,
Youssef Chermiti,Portugal,24/05/2004 (20),192cm,Everton,Forward,18.0,0.0,0.0,,
Denis Zakaria,Switzerland,20/11/1996,191cm,,Midfielder,7.0,0.0,0.0,,
Martin Ødegaard,Norway,17/12/1998 (25),178cm,Arsenal,Midfielder,122.0,31.0,23.0,,
